 Image picoclaw-picoclaw Building 
#1 [internal] load local bake definitions
#1 reading from stdin 522B done
#1 DONE 0.0s

#2 [internal] load build definition from Dockerfile
#2 transferring dockerfile:
#2 transferring dockerfile: 1.27kB done
#2 DONE 0.3s

#3 [internal] load metadata for docker.io/library/debian:bookworm-slim
#3 ...

#4 [internal] load metadata for docker.io/library/golang:1.26.0-alpine
#4 DONE 4.6s

#3 [internal] load metadata for docker.io/library/debian:bookworm-slim
#3 DONE 4.6s

#5 [internal] load .dockerignore
#5 transferring context:
#5 transferring context: 140B done
#5 DONE 0.3s

#6 [builder 1/7] FROM docker.io/library/golang:1.26.0-alpine@sha256:d4c4845f5d60c6a974c6000ce58ae079328d03ab7f721a0734277e69905473e5
#6 resolve docker.io/library/golang:1.26.0-alpine@sha256:d4c4845f5d60c6a974c6000ce58ae079328d03ab7f721a0734277e69905473e5 0.2s done
#6 CACHED

#7 [stage-1 1/4] FROM docker.io/library/debian:bookworm-slim@sha256:f06537653ac770703bc45b4b113475bd402f451e85223f0f2837acbf89ab020a
#7 resolve docker.io/library/debian:bookworm-slim@sha256:f06537653ac770703bc45b4b113475bd402f451e85223f0f2837acbf89ab020a 0.2s done
#7 CACHED

#8 [builder 2/7] RUN apk add --no-cache git make
#8 3.842 ( 1/14) Installing brotli-libs (1.2.0-r0)
#8 3.883 ( 2/14) Installing c-ares (1.34.6-r0)
#8 3.897 ( 3/14) Installing libunistring (1.4.1-r0)
#8 3.962 ( 4/14) Installing libidn2 (2.3.8-r0)
#8 3.999 ( 5/14) Installing nghttp2-libs (1.68.0-r0)
#8 4.016 ( 6/14) Installing nghttp3 (1.13.1-r0)
#8 4.032 ( 7/14) Installing libpsl (0.21.5-r3)
#8 4.044 ( 8/14) Installing zstd-libs (1.5.7-r2)
#8 4.077 ( 9/14) Installing libcurl (8.17.0-r1)
#8 4.111 (10/14) Installing libexpat (2.7.5-r0)
#8 4.123 (11/14) Installing pcre2 (10.47-r0)
#8 4.152 (12/14) Installing git (2.52.0-r0)
#8 4.422 (13/14) Installing git-init-template (2.52.0-r0)
#8 4.432 (14/14) Installing make (4.4.1-r3)
#8 4.449 Executing busybox-1.37.0-r30.trigger
#8 4.473 OK: 21.8 MiB in 31 packages
#8 DONE 13.6s

#9 [builder 3/7] WORKDIR /src
#9 DONE 0.5s

#10 [stage-1 2/4] RUN apt-get update &&     apt-get install -y --no-install-recommends       python3 python3-pip ffmpeg ca-certificates tzdata curl poppler-utils util-linux       chromium fonts-liberation &&     pip3 install edge-tts --break-system-packages &&     apt-get clean && rm -rf /var/lib/apt/lists/*
#10 2.327 Get:1 http://deb.debian.org/debian bookworm InRelease [151 kB]
#10 2.350 Get:2 http://deb.debian.org/debian bookworm-updates InRelease [55.4 kB]
#10 2.572 Get:3 http://deb.debian.org/debian-security bookworm-security InRelease [48.0 kB]
#10 2.582 Get:4 http://deb.debian.org/debian bookworm/main arm64 Packages [8691 kB]
#10 3.737 Get:5 http://deb.debian.org/debian bookworm-updates/main arm64 Packages [6936 B]
#10 3.738 Get:6 http://deb.debian.org/debian-security bookworm-security/main arm64 Packages [290 kB]
#10 4.999 Fetched 9242 kB in 3s (3554 kB/s)
#10 4.999 Reading package lists...
#10 11.34 Reading package lists...
#10 12.13 Building dependency tree...
#10 12.32 Reading state information...
#10 12.83 tzdata is already the newest version (2025b-0+deb12u2).
#10 12.83 tzdata set to manually installed.
#10 12.83 util-linux is already the newest version (2.38.1-5+deb12u3).
#10 12.83 util-linux set to manually installed.
#10 12.83 The following additional packages will be installed:
#10 12.83   adwaita-icon-theme at-spi2-common chromium-common dbus dbus-bin dbus-daemon
#10 12.83   dbus-session-bus-common dbus-system-bus-common dbus-user-session
#10 12.83   dconf-gsettings-backend dconf-service dmsetup fontconfig fontconfig-config
#10 12.83   gtk-update-icon-cache hicolor-icon-theme libaom3 libapparmor1 libargon2-1
#10 12.83   libasound2 libasound2-data libass9 libasyncns0 libatk-bridge2.0-0
#10 12.83   libatk1.0-0 libatspi2.0-0 libavahi-client3 libavahi-common-data
#10 12.83   libavahi-common3 libavc1394-0 libavcodec59 libavdevice59 libavfilter8
#10 12.83   libavformat59 libavutil57 libblas3 libbluray2 libbrotli1 libbs2b0 libbsd0
#10 12.83   libcaca0 libcairo-gobject2 libcairo2 libcdio-cdda2 libcdio-paranoia2
#10 12.83   libcdio19 libchromaprint1 libcjson1 libcodec2-1.0 libcolord2 libcryptsetup12
#10 12.83   libcups2 libcurl4 libdatrie1 libdav1d6 libdbus-1-3 libdc1394-25 libdconf1
#10 12.83   libdecor-0-0 libdeflate0 libdevmapper1.02.1 libdouble-conversion3
#10 12.83   libdrm-amdgpu1 libdrm-common libdrm-nouveau2 libdrm-radeon1 libdrm2 libedit2
#10 12.83   libelf1 libepoxy0 libexpat1 libfdisk1 libflac12 libflite1 libfontconfig1
#10 12.83   libfontenc1 libfreetype6 libfribidi0 libgbm1 libgdk-pixbuf-2.0-0
#10 12.83   libgdk-pixbuf2.0-common libgfortran5 libgl1 libgl1-mesa-dri libglapi-mesa
#10 12.83   libglib2.0-0 libglvnd0 libglx-mesa0 libglx0 libgme0 libgomp1 libgraphite2-3
#10 12.83   libgsm1 libgssapi-krb5-2 libgtk-3-0 libgtk-3-common libharfbuzz-subset0
#10 12.83   libharfbuzz0b libhwy1 libice6 libicu72 libiec61883-0 libip4tc2
#10 12.83   libjack-jackd2-0 libjbig0 libjpeg62-turbo libjson-c5 libjxl0.7 libk5crypto3
#10 12.83   libkeyutils1 libkmod2 libkrb5-3 libkrb5support0 liblapack3 liblcms2-2
#10 12.83   libldap-2.5-0 liblerc4 liblilv-0-0 libllvm15 libmbedcrypto7 libminizip1
#10 12.83   libmp3lame0 libmpg123-0 libmysofa1 libncursesw6 libnghttp2-14 libnorm1
#10 12.83   libnsl2 libnspr4 libnss3 libnuma1 libogg0 libopenal-data libopenal1
#10 12.83   libopenh264-7 libopenjp2-7 libopenmpt0 libopus0 libpam-systemd
#10 12.83   libpango-1.0-0 libpangocairo-1.0-0 libpangoft2-1.0-0 libpgm-5.3-0
#10 12.83   libpixman-1-0 libplacebo208 libpng16-16 libpocketsphinx3 libpoppler126
#10 12.83   libpostproc56 libproc2-0 libpsl5 libpulse0 libpython3-stdlib
#10 12.83   libpython3.11-minimal libpython3.11-stdlib librabbitmq4 librav1e0
#10 12.83   libraw1394-11 libreadline8 librist4 librsvg2-2 librtmp1 librubberband2
#10 12.83   libsamplerate0 libsasl2-2 libsasl2-modules-db libsdl2-2.0-0
#10 12.83   libsensors-config libsensors5 libserd-0-0 libshine3 libslang2 libsm6
#10 12.83   libsnappy1v5 libsndfile1 libsndio7.0 libsodium23 libsord-0-0 libsoxr0
#10 12.83   libspeex1 libsphinxbase3 libsqlite3-0 libsratom-0-0 libsrt1.5-gnutls
#10 12.83   libssh-gcrypt-4 libssh2-1 libssl3 libsvtav1enc1 libswresample4 libswscale6
#10 12.83   libsystemd-shared libthai-data libthai0 libtheora0 libtiff6 libtirpc-common
#10 12.83   libtirpc3 libtwolame0 libudfread0 libusb-1.0-0 libva-drm2 libva-x11-2 libva2
#10 12.83   libvdpau1 libvidstab1.1 libvorbis0a libvorbisenc2 libvorbisfile3 libvpx7
#10 12.83   libvulkan1 libwayland-client0 libwayland-cursor0 libwayland-egl1
#10 12.83   libwayland-server0 libwebp7 libwebpmux3 libx11-6 libx11-data libx11-xcb1
#10 12.83   libx264-164 libx265-199 libxau6 libxaw7 libxcb-dri2-0 libxcb-dri3-0
#10 12.83   libxcb-glx0 libxcb-present0 libxcb-randr0 libxcb-render0 libxcb-shape0
#10 12.83   libxcb-shm0 libxcb-sync1 libxcb-xfixes0 libxcb1 libxcomposite1 libxcursor1
#10 12.83   libxdamage1 libxdmcp6 libxext6 libxfixes3 libxft2 libxi6 libxinerama1
#10 12.83   libxkbcommon0 libxkbfile1 libxml2 libxmu6 libxmuu1 libxnvctrl0 libxpm4
#10 12.83   libxrandr2 libxrender1 libxshmfence1 libxss1 libxt6 libxtst6 libxv1
#10 12.83   libxvidcore4 libxxf86dga1 libxxf86vm1 libz3-4 libzimg2 libzmq5
#10 12.83   libzvbi-common libzvbi0 media-types ocl-icd-libopencl1 openssl procps
#10 12.83   python3-distutils python3-lib2to3 python3-minimal python3-pkg-resources
#10 12.83   python3-setuptools python3-wheel python3.11 python3.11-minimal
#10 12.83   readline-common shared-mime-info systemd systemd-sysv x11-common x11-utils
#10 12.83   xdg-utils xkb-data
#10 12.84 Suggested packages:
#10 12.84   chromium-l10n chromium-shell chromium-driver ffmpeg-doc libasound2-plugins
#10 12.84   alsa-utils libcuda1 libnvcuvid1 libnvidia-encode1 libbluray-bdj colord
#10 12.84   cups-common low-memory-monitor krb5-doc krb5-user gvfs jackd2 liblcms2-utils
#10 12.84   libportaudio2 opus-tools pulseaudio libraw1394-doc librsvg2-bin lm-sensors
#10 12.84   serdi sndiod sordi speex opencl-icd python3-doc python3-tk python3-venv
#10 12.84   python-setuptools-doc python3.11-venv python3.11-doc binutils binfmt-support
#10 12.84   readline-doc systemd-container systemd-homed systemd-userdbd systemd-boot
#10 12.84   systemd-resolved libfido2-1 libqrencode4 libtss2-esys-3.0.2-0 libtss2-mu0
#10 12.84   libtss2-rc0 polkitd | policykit-1 mesa-utils
#10 12.84 Recommended packages:
#10 12.84   librsvg2-common chromium-sandbox upower udev notification-daemon
#10 12.84   system-config-printer alsa-ucm-conf alsa-topology-conf at-spi2-core libaacs0
#10 12.84   libdecor-0-plugin-1-cairo | libdecor-0-plugin-1 libgdk-pixbuf2.0-bin
#10 12.84   libglib2.0-data xdg-user-dirs libgtk-3-bin krb5-locales libldap-common
#10 12.84   libgpm2 pocketsphinx-en-us poppler-data publicsuffix libsasl2-modules
#10 12.84   va-driver-all | va-driver vdpau-driver-all | vdpau-driver
#10 12.84   mesa-vulkan-drivers | vulkan-icd psmisc build-essential python3-dev
#10 12.84   systemd-timesyncd | time-daemon libnss-systemd libfile-mimeinfo-perl
#10 12.84   libnet-dbus-perl libx11-protocol-perl x11-xserver-utils
#10 15.30 The following NEW packages will be installed:
#10 15.30   adwaita-icon-theme at-spi2-common ca-certificates chromium chromium-common
#10 15.30   curl dbus dbus-bin dbus-daemon dbus-session-bus-common
#10 15.30   dbus-system-bus-common dbus-user-session dconf-gsettings-backend
#10 15.30   dconf-service dmsetup ffmpeg fontconfig fontconfig-config fonts-liberation
#10 15.30   gtk-update-icon-cache hicolor-icon-theme libaom3 libapparmor1 libargon2-1
#10 15.30   libasound2 libasound2-data libass9 libasyncns0 libatk-bridge2.0-0
#10 15.30   libatk1.0-0 libatspi2.0-0 libavahi-client3 libavahi-common-data
#10 15.30   libavahi-common3 libavc1394-0 libavcodec59 libavdevice59 libavfilter8
#10 15.30   libavformat59 libavutil57 libblas3 libbluray2 libbrotli1 libbs2b0 libbsd0
#10 15.30   libcaca0 libcairo-gobject2 libcairo2 libcdio-cdda2 libcdio-paranoia2
#10 15.30   libcdio19 libchromaprint1 libcjson1 libcodec2-1.0 libcolord2 libcryptsetup12
#10 15.30   libcups2 libcurl4 libdatrie1 libdav1d6 libdbus-1-3 libdc1394-25 libdconf1
#10 15.30   libdecor-0-0 libdeflate0 libdevmapper1.02.1 libdouble-conversion3
#10 15.30   libdrm-amdgpu1 libdrm-common libdrm-nouveau2 libdrm-radeon1 libdrm2 libedit2
#10 15.30   libelf1 libepoxy0 libexpat1 libfdisk1 libflac12 libflite1 libfontconfig1
#10 15.30   libfontenc1 libfreetype6 libfribidi0 libgbm1 libgdk-pixbuf-2.0-0
#10 15.30   libgdk-pixbuf2.0-common libgfortran5 libgl1 libgl1-mesa-dri libglapi-mesa
#10 15.30   libglib2.0-0 libglvnd0 libglx-mesa0 libglx0 libgme0 libgomp1 libgraphite2-3
#10 15.30   libgsm1 libgssapi-krb5-2 libgtk-3-0 libgtk-3-common libharfbuzz-subset0
#10 15.30   libharfbuzz0b libhwy1 libice6 libicu72 libiec61883-0 libip4tc2
#10 15.30   libjack-jackd2-0 libjbig0 libjpeg62-turbo libjson-c5 libjxl0.7 libk5crypto3
#10 15.30   libkeyutils1 libkmod2 libkrb5-3 libkrb5support0 liblapack3 liblcms2-2
#10 15.30   libldap-2.5-0 liblerc4 liblilv-0-0 libllvm15 libmbedcrypto7 libminizip1
#10 15.30   libmp3lame0 libmpg123-0 libmysofa1 libncursesw6 libnghttp2-14 libnorm1
#10 15.30   libnsl2 libnspr4 libnss3 libnuma1 libogg0 libopenal-data libopenal1
#10 15.30   libopenh264-7 libopenjp2-7 libopenmpt0 libopus0 libpam-systemd
#10 15.30   libpango-1.0-0 libpangocairo-1.0-0 libpangoft2-1.0-0 libpgm-5.3-0
#10 15.30   libpixman-1-0 libplacebo208 libpng16-16 libpocketsphinx3 libpoppler126
#10 15.30   libpostproc56 libproc2-0 libpsl5 libpulse0 libpython3-stdlib
#10 15.30   libpython3.11-minimal libpython3.11-stdlib librabbitmq4 librav1e0
#10 15.30   libraw1394-11 libreadline8 librist4 librsvg2-2 librtmp1 librubberband2
#10 15.30   libsamplerate0 libsasl2-2 libsasl2-modules-db libsdl2-2.0-0
#10 15.30   libsensors-config libsensors5 libserd-0-0 libshine3 libslang2 libsm6
#10 15.30   libsnappy1v5 libsndfile1 libsndio7.0 libsodium23 libsord-0-0 libsoxr0
#10 15.30   libspeex1 libsphinxbase3 libsqlite3-0 libsratom-0-0 libsrt1.5-gnutls
#10 15.30   libssh-gcrypt-4 libssh2-1 libssl3 libsvtav1enc1 libswresample4 libswscale6
#10 15.30   libsystemd-shared libthai-data libthai0 libtheora0 libtiff6 libtirpc-common
#10 15.30   libtirpc3 libtwolame0 libudfread0 libusb-1.0-0 libva-drm2 libva-x11-2 libva2
#10 15.30   libvdpau1 libvidstab1.1 libvorbis0a libvorbisenc2 libvorbisfile3 libvpx7
#10 15.30   libvulkan1 libwayland-client0 libwayland-cursor0 libwayland-egl1
#10 15.30   libwayland-server0 libwebp7 libwebpmux3 libx11-6 libx11-data libx11-xcb1
#10 15.30   libx264-164 libx265-199 libxau6 libxaw7 libxcb-dri2-0 libxcb-dri3-0
#10 15.30   libxcb-glx0 libxcb-present0 libxcb-randr0 libxcb-render0 libxcb-shape0
#10 15.30   libxcb-shm0 libxcb-sync1 libxcb-xfixes0 libxcb1 libxcomposite1 libxcursor1
#10 15.30   libxdamage1 libxdmcp6 libxext6 libxfixes3 libxft2 libxi6 libxinerama1
#10 15.30   libxkbcommon0 libxkbfile1 libxml2 libxmu6 libxmuu1 libxnvctrl0 libxpm4
#10 15.30   libxrandr2 libxrender1 libxshmfence1 libxss1 libxt6 libxtst6 libxv1
#10 15.30   libxvidcore4 libxxf86dga1 libxxf86vm1 libz3-4 libzimg2 libzmq5
#10 15.30   libzvbi-common libzvbi0 media-types ocl-icd-libopencl1 openssl poppler-utils
#10 15.30   procps python3 python3-distutils python3-lib2to3 python3-minimal python3-pip
#10 15.30   python3-pkg-resources python3-setuptools python3-wheel python3.11
#10 15.30   python3.11-minimal readline-common shared-mime-info systemd systemd-sysv
#10 15.30   x11-common x11-utils xdg-utils xkb-data
#10 15.36 0 upgraded, 293 newly installed, 0 to remove and 0 not upgraded.
#10 15.36 Need to get 253 MB of archives.
#10 15.36 After this operation, 910 MB of additional disk space will be used.
#10 15.36 Get:1 http://deb.debian.org/debian-security bookworm-security/main arm64 libssl3 arm64 3.0.18-1~deb12u2 [1818 kB]
#10 15.63 Get:2 http://deb.debian.org/debian bookworm/main arm64 libargon2-1 arm64 0~20171227-0.3+deb12u1 [18.7 kB]
#10 15.64 Get:3 http://deb.debian.org/debian bookworm/main arm64 dmsetup arm64 2:1.02.185-2 [75.2 kB]
#10 15.65 Get:4 http://deb.debian.org/debian bookworm/main arm64 libdevmapper1.02.1 arm64 2:1.02.185-2 [115 kB]
#10 15.66 Get:5 http://deb.debian.org/debian bookworm/main arm64 libjson-c5 arm64 0.16-2 [42.9 kB]
#10 15.71 Get:6 http://deb.debian.org/debian bookworm/main arm64 libcryptsetup12 arm64 2:2.6.1-4~deb12u2 [205 kB]
#10 15.72 Get:7 http://deb.debian.org/debian bookworm/main arm64 libfdisk1 arm64 2.38.1-5+deb12u3 [182 kB]
#10 15.74 Get:8 http://deb.debian.org/debian bookworm/main arm64 libkmod2 arm64 30+20221128-1 [54.4 kB]
#10 15.75 Get:9 http://deb.debian.org/debian bookworm/main arm64 libapparmor1 arm64 3.0.8-3 [40.3 kB]
#10 15.75 Get:10 http://deb.debian.org/debian bookworm/main arm64 libip4tc2 arm64 1.8.9-2 [18.5 kB]
#10 15.76 Get:11 http://deb.debian.org/debian bookworm/main arm64 libsystemd-shared arm64 252.39-1~deb12u1 [1507 kB]
#10 15.99 Get:12 http://deb.debian.org/debian bookworm/main arm64 systemd arm64 252.39-1~deb12u1 [2837 kB]
#10 16.34 Get:13 http://deb.debian.org/debian bookworm/main arm64 systemd-sysv arm64 252.39-1~deb12u1 [42.6 kB]
#10 16.41 Get:14 http://deb.debian.org/debian bookworm/main arm64 libdbus-1-3 arm64 1.14.10-1~deb12u1 [193 kB]
#10 16.41 Get:15 http://deb.debian.org/debian bookworm/main arm64 dbus-bin arm64 1.14.10-1~deb12u1 [104 kB]
#10 16.41 Get:16 http://deb.debian.org/debian bookworm/main arm64 dbus-session-bus-common all 1.14.10-1~deb12u1 [78.2 kB]
#10 16.41 Get:17 http://deb.debian.org/debian bookworm/main arm64 libexpat1 arm64 2.5.0-1+deb12u2 [86.3 kB]
#10 16.41 Get:18 http://deb.debian.org/debian bookworm/main arm64 dbus-daemon arm64 1.14.10-1~deb12u1 [176 kB]
#10 16.41 Get:19 http://deb.debian.org/debian bookworm/main arm64 dbus-system-bus-common all 1.14.10-1~deb12u1 [79.3 kB]
#10 16.41 Get:20 http://deb.debian.org/debian bookworm/main arm64 dbus arm64 1.14.10-1~deb12u1 [96.2 kB]
#10 16.42 Get:21 http://deb.debian.org/debian bookworm/main arm64 libpython3.11-minimal arm64 3.11.2-6+deb12u6 [810 kB]
#10 16.63 Get:22 http://deb.debian.org/debian bookworm/main arm64 python3.11-minimal arm64 3.11.2-6+deb12u6 [1859 kB]
#10 16.84 Get:23 http://deb.debian.org/debian bookworm/main arm64 python3-minimal arm64 3.11.2-1+b1 [26.3 kB]
#10 16.84 Get:24 http://deb.debian.org/debian bookworm/main arm64 media-types all 10.0.0 [26.1 kB]
#10 16.84 Get:25 http://deb.debian.org/debian bookworm/main arm64 libncursesw6 arm64 6.4-4 [122 kB]
#10 16.85 Get:26 http://deb.debian.org/debian bookworm/main arm64 libkrb5support0 arm64 1.20.1-2+deb12u4 [32.5 kB]
#10 16.91 Get:27 http://deb.debian.org/debian bookworm/main arm64 libk5crypto3 arm64 1.20.1-2+deb12u4 [80.2 kB]
#10 16.91 Get:28 http://deb.debian.org/debian bookworm/main arm64 libkeyutils1 arm64 1.6.3-2 [8844 B]
#10 16.91 Get:29 http://deb.debian.org/debian bookworm/main arm64 libkrb5-3 arm64 1.20.1-2+deb12u4 [314 kB]
#10 16.93 Get:30 http://deb.debian.org/debian bookworm/main arm64 libgssapi-krb5-2 arm64 1.20.1-2+deb12u4 [124 kB]
#10 16.94 Get:31 http://deb.debian.org/debian bookworm/main arm64 libtirpc-common all 1.3.3+ds-1 [14.0 kB]
#10 16.94 Get:32 http://deb.debian.org/debian bookworm/main arm64 libtirpc3 arm64 1.3.3+ds-1 [80.9 kB]
#10 16.95 Get:33 http://deb.debian.org/debian bookworm/main arm64 libnsl2 arm64 1.3.0-2 [36.9 kB]
#10 16.95 Get:34 http://deb.debian.org/debian bookworm/main arm64 readline-common all 8.2-1.3 [69.0 kB]
#10 16.96 Get:35 http://deb.debian.org/debian bookworm/main arm64 libreadline8 arm64 8.2-1.3 [155 kB]
#10 16.97 Get:36 http://deb.debian.org/debian bookworm/main arm64 libsqlite3-0 arm64 3.40.1-2+deb12u2 [786 kB]
#10 17.03 Get:37 http://deb.debian.org/debian bookworm/main arm64 libpython3.11-stdlib arm64 3.11.2-6+deb12u6 [1746 kB]
#10 17.28 Get:38 http://deb.debian.org/debian bookworm/main arm64 python3.11 arm64 3.11.2-6+deb12u6 [573 kB]
#10 17.29 Get:39 http://deb.debian.org/debian bookworm/main arm64 libpython3-stdlib arm64 3.11.2-1+b1 [9296 B]
#10 17.36 Get:40 http://deb.debian.org/debian bookworm/main arm64 python3 arm64 3.11.2-1+b1 [26.3 kB]
#10 17.36 Get:41 http://deb.debian.org/debian bookworm/main arm64 libproc2-0 arm64 2:4.0.2-3 [60.1 kB]
#10 17.36 Get:42 http://deb.debian.org/debian bookworm/main arm64 procps arm64 2:4.0.2-3 [698 kB]
#10 17.36 Get:43 http://deb.debian.org/debian-security bookworm-security/main arm64 openssl arm64 3.0.18-1~deb12u2 [1399 kB]
#10 17.43 Get:44 http://deb.debian.org/debian bookworm/main arm64 ca-certificates all 20230311+deb12u1 [155 kB]
#10 17.44 Get:45 http://deb.debian.org/debian bookworm/main arm64 libpam-systemd arm64 252.39-1~deb12u1 [209 kB]
#10 17.46 Get:46 http://deb.debian.org/debian bookworm/main arm64 hicolor-icon-theme all 0.17-2 [11.4 kB]
#10 17.47 Get:47 http://deb.debian.org/debian bookworm/main arm64 libgdk-pixbuf2.0-common all 2.42.10+dfsg-1+deb12u3 [307 kB]
#10 17.49 Get:48 http://deb.debian.org/debian bookworm/main arm64 libglib2.0-0 arm64 2.74.6-2+deb12u8 [1314 kB]
#10 17.66 Get:49 http://deb.debian.org/debian bookworm/main arm64 libicu72 arm64 72.1-3+deb12u1 [9202 kB]
#10 18.36 Get:50 http://deb.debian.org/debian bookworm/main arm64 libxml2 arm64 2.9.14+dfsg-1.3~deb12u5 [620 kB]
#10 18.37 Get:51 http://deb.debian.org/debian bookworm/main arm64 shared-mime-info arm64 2.2-1 [727 kB]
#10 18.37 Get:52 http://deb.debian.org/debian bookworm/main arm64 libjpeg62-turbo arm64 1:2.1.5-2 [171 kB]
#10 18.39 Get:53 http://deb.debian.org/debian-security bookworm-security/main arm64 libpng16-16 arm64 1.6.39-2+deb12u3 [270 kB]
#10 18.43 Get:54 http://deb.debian.org/debian bookworm/main arm64 libdeflate0 arm64 1.14-1 [54.3 kB]
#10 18.45 Get:55 http://deb.debian.org/debian bookworm/main arm64 libjbig0 arm64 2.1-6.1 [30.0 kB]
#10 18.46 Get:56 http://deb.debian.org/debian bookworm/main arm64 liblerc4 arm64 4.0.0+ds-2 [138 kB]
#10 18.47 Get:57 http://deb.debian.org/debian bookworm/main arm64 libwebp7 arm64 1.2.4-0.2+deb12u1 [260 kB]
#10 18.50 Get:58 http://deb.debian.org/debian bookworm/main arm64 libtiff6 arm64 4.5.0-6+deb12u3 [301 kB]
#10 18.53 Get:59 http://deb.debian.org/debian bookworm/main arm64 libgdk-pixbuf-2.0-0 arm64 2.42.10+dfsg-1+deb12u3 [130 kB]
#10 18.54 Get:60 http://deb.debian.org/debian bookworm/main arm64 gtk-update-icon-cache arm64 3.24.38-2~deb12u3 [43.6 kB]
#10 18.55 Get:61 http://deb.debian.org/debian bookworm/main arm64 adwaita-icon-theme all 43-1 [5124 kB]
#10 18.90 Get:62 http://deb.debian.org/debian bookworm/main arm64 at-spi2-common all 2.46.0-5 [162 kB]
#10 18.92 Get:63 http://deb.debian.org/debian bookworm/main arm64 libasound2-data all 1.2.8-1 [20.5 kB]
#10 18.92 Get:64 http://deb.debian.org/debian bookworm/main arm64 libasound2 arm64 1.2.8-1+b1 [327 kB]
#10 18.95 Get:65 http://deb.debian.org/debian bookworm/main arm64 libatk1.0-0 arm64 2.46.0-5 [47.4 kB]
#10 18.96 Get:66 http://deb.debian.org/debian bookworm/main arm64 libxau6 arm64 1:1.0.9-1 [19.7 kB]
#10 18.97 Get:67 http://deb.debian.org/debian bookworm/main arm64 libbsd0 arm64 0.11.7-2 [115 kB]
#10 18.98 Get:68 http://deb.debian.org/debian bookworm/main arm64 libxdmcp6 arm64 1:1.1.2-3 [25.4 kB]
#10 18.99 Get:69 http://deb.debian.org/debian bookworm/main arm64 libxcb1 arm64 1.15-1 [143 kB]
#10 19.01 Get:70 http://deb.debian.org/debian bookworm/main arm64 libx11-data all 2:1.8.4-2+deb12u2 [292 kB]
#10 19.03 Get:71 http://deb.debian.org/debian bookworm/main arm64 libx11-6 arm64 2:1.8.4-2+deb12u2 [735 kB]
#10 19.10 Get:72 http://deb.debian.org/debian bookworm/main arm64 libxext6 arm64 2:1.3.4-1+b1 [51.7 kB]
#10 19.11 Get:73 http://deb.debian.org/debian bookworm/main arm64 libxi6 arm64 2:1.8-1+b1 [82.3 kB]
#10 19.12 Get:74 http://deb.debian.org/debian bookworm/main arm64 libatspi2.0-0 arm64 2.46.0-5 [71.0 kB]
#10 19.13 Get:75 http://deb.debian.org/debian bookworm/main arm64 libatk-bridge2.0-0 arm64 2.46.0-5 [61.4 kB]
#10 19.14 Get:76 http://deb.debian.org/debian bookworm/main arm64 libbrotli1 arm64 1.0.9-2+b6 [269 kB]
#10 19.18 Get:77 http://deb.debian.org/debian bookworm/main arm64 libfreetype6 arm64 2.12.1+dfsg-5+deb12u4 [368 kB]
#10 19.20 Get:78 http://deb.debian.org/debian bookworm/main arm64 fonts-liberation all 1:1.07.4-11 [828 kB]
#10 19.27 Get:79 http://deb.debian.org/debian bookworm/main arm64 fontconfig-config arm64 2.14.1-4 [315 kB]
#10 19.30 Get:80 http://deb.debian.org/debian bookworm/main arm64 libfontconfig1 arm64 2.14.1-4 [381 kB]
#10 19.33 Get:81 http://deb.debian.org/debian bookworm/main arm64 libpixman-1-0 arm64 0.42.2-1 [470 kB]
#10 19.36 Get:82 http://deb.debian.org/debian bookworm/main arm64 libxcb-render0 arm64 1.15-1 [115 kB]
#10 19.38 Get:83 http://deb.debian.org/debian bookworm/main arm64 libxcb-shm0 arm64 1.15-1 [106 kB]
#10 19.39 Get:84 http://deb.debian.org/debian bookworm/main arm64 libxrender1 arm64 1:0.9.10-1.1 [32.0 kB]
#10 19.40 Get:85 http://deb.debian.org/debian bookworm/main arm64 libcairo2 arm64 1.16.0-7 [527 kB]
#10 19.44 Get:86 http://deb.debian.org/debian bookworm/main arm64 libavahi-common-data arm64 0.8-10+deb12u1 [107 kB]
#10 19.46 Get:87 http://deb.debian.org/debian bookworm/main arm64 libavahi-common3 arm64 0.8-10+deb12u1 [41.2 kB]
#10 19.47 Get:88 http://deb.debian.org/debian bookworm/main arm64 libavahi-client3 arm64 0.8-10+deb12u1 [44.3 kB]
#10 19.64 Get:89 http://deb.debian.org/debian bookworm/main arm64 libcups2 arm64 2.4.2-3+deb12u9 [230 kB]
#10 19.64 Get:90 http://deb.debian.org/debian bookworm/main arm64 libdav1d6 arm64 1.0.0-2+deb12u1 [275 kB]
#10 19.64 Get:91 http://deb.debian.org/debian bookworm/main arm64 libdouble-conversion3 arm64 3.2.1-1 [37.6 kB]
#10 19.64 Get:92 http://deb.debian.org/debian bookworm/main arm64 libogg0 arm64 1.3.5-3 [23.0 kB]
#10 19.65 Get:93 http://deb.debian.org/debian bookworm/main arm64 libflac12 arm64 1.4.2+ds-2 [161 kB]
#10 19.66 Get:94 http://deb.debian.org/debian bookworm/main arm64 libdrm-common all 2.4.114-1 [7112 B]
#10 19.66 Get:95 http://deb.debian.org/debian bookworm/main arm64 libdrm2 arm64 2.4.114-1+b1 [36.7 kB]
#10 19.67 Get:96 http://deb.debian.org/debian bookworm/main arm64 libwayland-server0 arm64 1.21.0-1 [34.9 kB]
#10 19.68 Get:97 http://deb.debian.org/debian bookworm/main arm64 libgbm1 arm64 22.3.6-1+deb12u1 [37.0 kB]
#10 19.69 Get:98 http://deb.debian.org/debian bookworm/main arm64 libgraphite2-3 arm64 1.3.14-1 [75.6 kB]
#10 19.71 Get:99 http://deb.debian.org/debian bookworm/main arm64 libharfbuzz0b arm64 6.0.0+dfsg-3 [1914 kB]
#10 20.08 Get:100 http://deb.debian.org/debian bookworm/main arm64 libharfbuzz-subset0 arm64 6.0.0+dfsg-3 [1902 kB]
#10 20.23 Get:101 http://deb.debian.org/debian bookworm/main arm64 liblcms2-2 arm64 2.14-2 [143 kB]
#10 20.23 Get:102 http://deb.debian.org/debian bookworm/main arm64 libminizip1 arm64 1.1-8+deb12u1 [19.8 kB]
#10 20.24 Get:103 http://deb.debian.org/debian bookworm/main arm64 libnspr4 arm64 2:4.35-1 [105 kB]
#10 20.24 Get:104 http://deb.debian.org/debian-security bookworm-security/main arm64 libnss3 arm64 2:3.87.1-1+deb12u2 [1215 kB]
#10 20.24 Get:105 http://deb.debian.org/debian bookworm/main arm64 libopenh264-7 arm64 2.3.1+dfsg-3+deb12u2 [332 kB]
#10 20.24 Get:106 http://deb.debian.org/debian bookworm/main arm64 libopenjp2-7 arm64 2.5.0-2+deb12u2 [176 kB]
#10 20.25 Get:107 http://deb.debian.org/debian bookworm/main arm64 libopus0 arm64 1.3.1-3 [176 kB]
#10 20.27 Get:108 http://deb.debian.org/debian bookworm/main arm64 fontconfig arm64 2.14.1-4 [449 kB]
#10 20.30 Get:109 http://deb.debian.org/debian bookworm/main arm64 libfribidi0 arm64 1.0.8-2.1 [64.9 kB]
#10 20.31 Get:110 http://deb.debian.org/debian bookworm/main arm64 libthai-data all 0.1.29-1 [176 kB]
#10 20.34 Get:111 http://deb.debian.org/debian bookworm/main arm64 libdatrie1 arm64 0.2.13-2+b1 [42.6 kB]
#10 20.35 Get:112 http://deb.debian.org/debian bookworm/main arm64 libthai0 arm64 0.1.29-1 [56.2 kB]
#10 20.36 Get:113 http://deb.debian.org/debian bookworm/main arm64 libpango-1.0-0 arm64 1.50.12+ds-1 [200 kB]
#10 20.37 Get:114 http://deb.debian.org/debian bookworm/main arm64 libasyncns0 arm64 0.8-6+b3 [12.5 kB]
#10 20.38 Get:115 http://deb.debian.org/debian bookworm/main arm64 libmp3lame0 arm64 3.100-6 [357 kB]
#10 20.41 Get:116 http://deb.debian.org/debian bookworm/main arm64 libmpg123-0 arm64 1.31.2-1+deb12u1 [141 kB]
#10 20.42 Get:117 http://deb.debian.org/debian bookworm/main arm64 libvorbis0a arm64 1.3.7-1 [86.2 kB]
#10 20.44 Get:118 http://deb.debian.org/debian bookworm/main arm64 libvorbisenc2 arm64 1.3.7-1 [80.4 kB]
#10 20.45 Get:119 http://deb.debian.org/debian bookworm/main arm64 libsndfile1 arm64 1.2.0-1+deb12u1 [183 kB]
#10 20.48 Get:120 http://deb.debian.org/debian bookworm/main arm64 libx11-xcb1 arm64 2:1.8.4-2+deb12u2 [192 kB]
#10 20.51 Get:121 http://deb.debian.org/debian bookworm/main arm64 libpulse0 arm64 16.1+dfsg1-2+b1 [231 kB]
#10 20.53 Get:122 http://deb.debian.org/debian bookworm/main arm64 libxcomposite1 arm64 1:0.4.5-1 [16.6 kB]
#10 20.54 Get:123 http://deb.debian.org/debian bookworm/main arm64 libxdamage1 arm64 1:1.1.6-1 [15.2 kB]
#10 20.54 Get:124 http://deb.debian.org/debian bookworm/main arm64 libxfixes3 arm64 1:6.0.0-2 [22.9 kB]
#10 20.55 Get:125 http://deb.debian.org/debian bookworm/main arm64 xkb-data all 2.35.1-1 [764 kB]
#10 20.60 Get:126 http://deb.debian.org/debian bookworm/main arm64 libxkbcommon0 arm64 1.5.0-1 [100 kB]
#10 20.61 Get:127 http://deb.debian.org/debian bookworm/main arm64 libxnvctrl0 arm64 525.85.05-3~deb12u1 [13.4 kB]
#10 20.62 Get:128 http://deb.debian.org/debian bookworm/main arm64 libxrandr2 arm64 2:1.5.2-2+b1 [38.4 kB]
#10 20.63 Get:129 http://deb.debian.org/debian bookworm/main arm64 libcairo-gobject2 arm64 1.16.0-7 [112 kB]
#10 20.65 Get:130 http://deb.debian.org/debian bookworm/main arm64 libcolord2 arm64 1.4.6-2.2 [126 kB]
#10 20.66 Get:131 http://deb.debian.org/debian bookworm/main arm64 libepoxy0 arm64 1.5.10-1 [198 kB]
#10 20.68 Get:132 http://deb.debian.org/debian bookworm/main arm64 libpangoft2-1.0-0 arm64 1.50.12+ds-1 [44.5 kB]
#10 20.69 Get:133 http://deb.debian.org/debian bookworm/main arm64 libpangocairo-1.0-0 arm64 1.50.12+ds-1 [32.0 kB]
#10 20.70 Get:134 http://deb.debian.org/debian bookworm/main arm64 libwayland-client0 arm64 1.21.0-1 [27.6 kB]
#10 20.70 Get:135 http://deb.debian.org/debian bookworm/main arm64 libwayland-cursor0 arm64 1.21.0-1 [14.1 kB]
#10 20.71 Get:136 http://deb.debian.org/debian bookworm/main arm64 libwayland-egl1 arm64 1.21.0-1 [8696 B]
#10 20.71 Get:137 http://deb.debian.org/debian bookworm/main arm64 libxcursor1 arm64 1:1.2.1-1 [40.2 kB]
#10 20.71 Get:138 http://deb.debian.org/debian bookworm/main arm64 libxinerama1 arm64 2:1.1.4-3 [17.8 kB]
#10 20.72 Get:139 http://deb.debian.org/debian bookworm/main arm64 dbus-user-session arm64 1.14.10-1~deb12u1 [78.1 kB]
#10 20.74 Get:140 http://deb.debian.org/debian bookworm/main arm64 libdconf1 arm64 0.40.0-4 [39.2 kB]
#10 20.75 Get:141 http://deb.debian.org/debian bookworm/main arm64 dconf-service arm64 0.40.0-4 [30.0 kB]
#10 20.76 Get:142 http://deb.debian.org/debian bookworm/main arm64 dconf-gsettings-backend arm64 0.40.0-4 [26.3 kB]
#10 20.77 Get:143 http://deb.debian.org/debian bookworm/main arm64 libgtk-3-common all 3.24.38-2~deb12u3 [3895 kB]
#10 21.13 Get:144 http://deb.debian.org/debian bookworm/main arm64 libgtk-3-0 arm64 3.24.38-2~deb12u3 [2620 kB]
#10 21.48 Get:145 http://deb.debian.org/debian bookworm/main arm64 libfontenc1 arm64 1:1.1.4-1 [23.6 kB]
#10 21.48 Get:146 http://deb.debian.org/debian bookworm/main arm64 libglvnd0 arm64 1.6.0-1 [41.4 kB]
#10 21.48 Get:147 http://deb.debian.org/debian bookworm/main arm64 libglapi-mesa arm64 22.3.6-1+deb12u1 [44.7 kB]
#10 21.48 Get:148 http://deb.debian.org/debian bookworm/main arm64 libxcb-dri2-0 arm64 1.15-1 [107 kB]
#10 21.49 Get:149 http://deb.debian.org/debian bookworm/main arm64 libxcb-dri3-0 arm64 1.15-1 [107 kB]
#10 21.49 Get:150 http://deb.debian.org/debian bookworm/main arm64 libxcb-glx0 arm64 1.15-1 [123 kB]
#10 21.49 Get:151 http://deb.debian.org/debian bookworm/main arm64 libxcb-present0 arm64 1.15-1 [106 kB]
#10 21.50 Get:152 http://deb.debian.org/debian bookworm/main arm64 libxcb-randr0 arm64 1.15-1 [117 kB]
#10 21.52 Get:153 http://deb.debian.org/debian bookworm/main arm64 libxcb-sync1 arm64 1.15-1 [109 kB]
#10 21.54 Get:154 http://deb.debian.org/debian bookworm/main arm64 libxcb-xfixes0 arm64 1.15-1 [110 kB]
#10 21.55 Get:155 http://deb.debian.org/debian bookworm/main arm64 libxshmfence1 arm64 1.3-1 [8712 B]
#10 21.55 Get:156 http://deb.debian.org/debian bookworm/main arm64 libxxf86vm1 arm64 1:1.1.4-1+b2 [20.1 kB]
#10 21.56 Get:157 http://deb.debian.org/debian bookworm/main arm64 libdrm-amdgpu1 arm64 2.4.114-1+b1 [20.4 kB]
#10 21.56 Get:158 http://deb.debian.org/debian bookworm/main arm64 libdrm-nouveau2 arm64 2.4.114-1+b1 [18.4 kB]
#10 21.57 Get:159 http://deb.debian.org/debian bookworm/main arm64 libdrm-radeon1 arm64 2.4.114-1+b1 [20.9 kB]
#10 21.57 Get:160 http://deb.debian.org/debian bookworm/main arm64 libelf1 arm64 0.188-2.1 [173 kB]
#10 21.59 Get:161 http://deb.debian.org/debian bookworm/main arm64 libedit2 arm64 3.1-20221030-2 [88.1 kB]
#10 21.60 Get:162 http://deb.debian.org/debian bookworm/main arm64 libz3-4 arm64 4.8.12-3.1 [6282 kB]
#10 22.36 Get:163 http://deb.debian.org/debian bookworm/main arm64 libllvm15 arm64 1:15.0.6-4+b1 [20.7 MB]
#10 23.77 Get:164 http://deb.debian.org/debian bookworm/main arm64 libsensors-config all 1:3.6.0-7.1 [14.3 kB]
#10 23.77 Get:165 http://deb.debian.org/debian bookworm/main arm64 libsensors5 arm64 1:3.6.0-7.1 [33.3 kB]
#10 23.77 Get:166 http://deb.debian.org/debian bookworm/main arm64 libgl1-mesa-dri arm64 22.3.6-1+deb12u1 [6278 kB]
#10 23.98 Get:167 http://deb.debian.org/debian bookworm/main arm64 libglx-mesa0 arm64 22.3.6-1+deb12u1 [146 kB]
#10 24.00 Get:168 http://deb.debian.org/debian bookworm/main arm64 libglx0 arm64 1.6.0-1 [30.8 kB]
#10 24.01 Get:169 http://deb.debian.org/debian bookworm/main arm64 libgl1 arm64 1.6.0-1 [90.2 kB]
#10 24.02 Get:170 http://deb.debian.org/debian bookworm/main arm64 x11-common all 1:7.7+23 [252 kB]
#10 24.04 Get:171 http://deb.debian.org/debian bookworm/main arm64 libice6 arm64 2:1.0.10-1 [55.6 kB]
#10 24.05 Get:172 http://deb.debian.org/debian bookworm/main arm64 libsm6 arm64 2:1.2.3-1 [34.0 kB]
#10 24.05 Get:173 http://deb.debian.org/debian bookworm/main arm64 libxt6 arm64 1:1.2.1-1.1 [172 kB]
#10 24.07 Get:174 http://deb.debian.org/debian bookworm/main arm64 libxmu6 arm64 2:1.1.3-3 [57.2 kB]
#10 24.08 Get:175 http://deb.debian.org/debian bookworm/main arm64 libxpm4 arm64 1:3.5.12-1.1+deb12u1 [45.4 kB]
#10 24.09 Get:176 http://deb.debian.org/debian bookworm/main arm64 libxaw7 arm64 2:1.0.14-1 [184 kB]
#10 24.11 Get:177 http://deb.debian.org/debian bookworm/main arm64 libxcb-shape0 arm64 1.15-1 [106 kB]
#10 24.13 Get:178 http://deb.debian.org/debian bookworm/main arm64 libxft2 arm64 2.3.6-1 [58.7 kB]
#10 24.14 Get:179 http://deb.debian.org/debian bookworm/main arm64 libxkbfile1 arm64 1:1.1.0-1 [71.5 kB]
#10 24.15 Get:180 http://deb.debian.org/debian bookworm/main arm64 libxmuu1 arm64 2:1.1.3-3 [24.0 kB]
#10 24.16 Get:181 http://deb.debian.org/debian bookworm/main arm64 libxtst6 arm64 2:1.2.3-1.1 [27.8 kB]
#10 24.17 Get:182 http://deb.debian.org/debian bookworm/main arm64 libxv1 arm64 2:1.0.11-1.1 [24.5 kB]
#10 24.17 Get:183 http://deb.debian.org/debian bookworm/main arm64 libxxf86dga1 arm64 2:1.1.5-1 [21.8 kB]
#10 24.18 Get:184 http://deb.debian.org/debian bookworm/main arm64 x11-utils arm64 7.7+5 [196 kB]
#10 24.19 Get:185 http://deb.debian.org/debian bookworm/main arm64 xdg-utils all 1.1.3-4.1 [75.5 kB]
#10 24.20 Get:186 http://deb.debian.org/debian-security bookworm-security/main arm64 chromium-common arm64 146.0.7680.164-1~deb12u1 [34.1 MB]
#10 26.55 Get:187 http://deb.debian.org/debian-security bookworm-security/main arm64 chromium arm64 146.0.7680.164-1~deb12u1 [63.6 MB]
#10 35.61 Get:188 http://deb.debian.org/debian bookworm/main arm64 libsasl2-modules-db arm64 2.1.28+dfsg-10 [20.8 kB]
#10 35.61 Get:189 http://deb.debian.org/debian bookworm/main arm64 libsasl2-2 arm64 2.1.28+dfsg-10 [58.0 kB]
#10 35.61 Get:190 http://deb.debian.org/debian bookworm/main arm64 libldap-2.5-0 arm64 2.5.13+dfsg-5 [171 kB]
#10 35.61 Get:191 http://deb.debian.org/debian bookworm/main arm64 libnghttp2-14 arm64 1.52.0-1+deb12u2 [68.6 kB]
#10 35.61 Get:192 http://deb.debian.org/debian bookworm/main arm64 libpsl5 arm64 0.21.2-1 [58.6 kB]
#10 35.61 Get:193 http://deb.debian.org/debian bookworm/main arm64 librtmp1 arm64 2.4+20151223.gitfa8646d.1-2+b2 [59.4 kB]
#10 35.62 Get:194 http://deb.debian.org/debian bookworm/main arm64 libssh2-1 arm64 1.10.0-3+b1 [172 kB]
#10 35.62 Get:195 http://deb.debian.org/debian bookworm/main arm64 libcurl4 arm64 7.88.1-10+deb12u14 [367 kB]
#10 35.62 Get:196 http://deb.debian.org/debian bookworm/main arm64 curl arm64 7.88.1-10+deb12u14 [309 kB]
#10 35.62 Get:197 http://deb.debian.org/debian bookworm/main arm64 libaom3 arm64 3.6.0-1+deb12u2 [1373 kB]
#10 36.24 Get:198 http://deb.debian.org/debian bookworm/main arm64 libva2 arm64 2.17.0-1 [65.2 kB]
#10 36.25 Get:199 http://deb.debian.org/debian bookworm/main arm64 libva-drm2 arm64 2.17.0-1 [16.3 kB]
#10 36.25 Get:200 http://deb.debian.org/debian bookworm/main arm64 libva-x11-2 arm64 2.17.0-1 [20.8 kB]
#10 36.31 Get:201 http://deb.debian.org/debian bookworm/main arm64 libvdpau1 arm64 1.5-2 [23.7 kB]
#10 36.32 Get:202 http://deb.debian.org/debian bookworm/main arm64 ocl-icd-libopencl1 arm64 2.3.1-1 [42.1 kB]
#10 36.32 Get:203 http://deb.debian.org/debian bookworm/main arm64 libavutil57 arm64 7:5.1.8-0+deb12u1 [338 kB]
#10 36.33 Get:204 http://deb.debian.org/debian bookworm/main arm64 libcodec2-1.0 arm64 1.0.5-1 [8163 kB]
#10 37.38 Get:205 http://deb.debian.org/debian bookworm/main arm64 libgsm1 arm64 1.0.22-1 [28.8 kB]
#10 37.38 Get:206 http://deb.debian.org/debian bookworm/main arm64 libhwy1 arm64 1.0.3-3+deb12u1 [226 kB]
#10 37.38 Get:207 http://deb.debian.org/debian bookworm/main arm64 libjxl0.7 arm64 0.7.0-10+deb12u1 [644 kB]
#10 37.38 Get:208 http://deb.debian.org/debian bookworm/main arm64 librav1e0 arm64 0.5.1-6 [552 kB]
#10 37.38 Get:209 http://deb.debian.org/debian bookworm/main arm64 librsvg2-2 arm64 2.54.7+dfsg-1~deb12u1 [2290 kB]
#10 37.76 Get:210 http://deb.debian.org/debian bookworm/main arm64 libshine3 arm64 3.1.1-2 [23.0 kB]
#10 37.76 Get:211 http://deb.debian.org/debian bookworm/main arm64 libsnappy1v5 arm64 1.1.9-3 [25.4 kB]
#10 37.77 Get:212 http://deb.debian.org/debian bookworm/main arm64 libspeex1 arm64 1.2.1-2 [48.3 kB]
#10 37.77 Get:213 http://deb.debian.org/debian bookworm/main arm64 libsvtav1enc1 arm64 1.4.1+dfsg-1 [1074 kB]
#10 37.77 Get:214 http://deb.debian.org/debian bookworm/main arm64 libgomp1 arm64 12.2.0-14+deb12u1 [104 kB]
#10 37.77 Get:215 http://deb.debian.org/debian bookworm/main arm64 libsoxr0 arm64 0.1.3-4 [54.4 kB]
#10 37.77 Get:216 http://deb.debian.org/debian bookworm/main arm64 libswresample4 arm64 7:5.1.8-0+deb12u1 [95.9 kB]
#10 37.77 Get:217 http://deb.debian.org/debian bookworm/main arm64 libtheora0 arm64 1.1.1+dfsg.1-16.1+deb12u1 [144 kB]
#10 37.77 Get:218 http://deb.debian.org/debian bookworm/main arm64 libtwolame0 arm64 0.4.0-2 [48.5 kB]
#10 37.78 Get:219 http://deb.debian.org/debian-security bookworm-security/main arm64 libvpx7 arm64 1.12.0-1+deb12u5 [892 kB]
#10 37.84 Get:220 http://deb.debian.org/debian bookworm/main arm64 libwebpmux3 arm64 1.2.4-0.2+deb12u1 [109 kB]
#10 37.86 Get:221 http://deb.debian.org/debian bookworm/main arm64 libx264-164 arm64 2:0.164.3095+gitbaee400-3 [443 kB]
#10 38.02 Get:222 http://deb.debian.org/debian bookworm/main arm64 libnuma1 arm64 2.0.16-1 [20.3 kB]
#10 38.06 Get:223 http://deb.debian.org/debian bookworm/main arm64 libx265-199 arm64 3.5-2+b1 [603 kB]
#10 38.06 Get:224 http://deb.debian.org/debian bookworm/main arm64 libxvidcore4 arm64 2:1.3.7-1 [202 kB]
#10 38.07 Get:225 http://deb.debian.org/debian bookworm/main arm64 libzvbi-common all 0.2.41-1 [69.7 kB]
#10 38.08 Get:226 http://deb.debian.org/debian bookworm/main arm64 libzvbi0 arm64 0.2.41-1 [258 kB]
#10 38.14 Get:227 http://deb.debian.org/debian bookworm/main arm64 libavcodec59 arm64 7:5.1.8-0+deb12u1 [4811 kB]
#10 38.81 Get:228 http://deb.debian.org/debian bookworm/main arm64 libraw1394-11 arm64 2.1.2-2 [40.3 kB]
#10 38.88 Get:229 http://deb.debian.org/debian bookworm/main arm64 libavc1394-0 arm64 0.5.4-5 [18.4 kB]
#10 38.88 Get:230 http://deb.debian.org/debian bookworm/main arm64 libass9 arm64 1:0.17.1-1 [91.1 kB]
#10 38.88 Get:231 http://deb.debian.org/debian bookworm/main arm64 libudfread0 arm64 1.1.2-1 [15.7 kB]
#10 38.88 Get:232 http://deb.debian.org/debian bookworm/main arm64 libbluray2 arm64 1:1.3.4-1 [124 kB]
#10 38.88 Get:233 http://deb.debian.org/debian bookworm/main arm64 libchromaprint1 arm64 1.5.1-2+b1 [37.4 kB]
#10 38.88 Get:234 http://deb.debian.org/debian bookworm/main arm64 libgme0 arm64 0.6.3-6 [118 kB]
#10 38.88 Get:235 http://deb.debian.org/debian bookworm/main arm64 libvorbisfile3 arm64 1.3.7-1 [25.4 kB]
#10 38.89 Get:236 http://deb.debian.org/debian bookworm/main arm64 libopenmpt0 arm64 0.6.9-1 [622 kB]
#10 38.89 Get:237 http://deb.debian.org/debian bookworm/main arm64 librabbitmq4 arm64 0.11.0-1+deb12u1 [39.7 kB]
#10 38.90 Get:238 http://deb.debian.org/debian bookworm/main arm64 libcjson1 arm64 1.7.15-1+deb12u4 [22.7 kB]
#10 38.90 Get:239 http://deb.debian.org/debian bookworm/main arm64 libmbedcrypto7 arm64 2.28.3-1 [263 kB]
#10 38.98 Get:240 http://deb.debian.org/debian bookworm/main arm64 librist4 arm64 0.2.7+dfsg-1 [69.6 kB]
#10 38.98 Get:241 http://deb.debian.org/debian bookworm/main arm64 libsrt1.5-gnutls arm64 1.5.1-1+deb12u1 [272 kB]
#10 38.99 Get:242 http://deb.debian.org/debian bookworm/main arm64 libssh-gcrypt-4 arm64 0.10.6-0+deb12u2 [207 kB]
#10 39.05 Get:243 http://deb.debian.org/debian bookworm/main arm64 libnorm1 arm64 1.5.9+dfsg-2 [202 kB]
#10 39.06 Get:244 http://deb.debian.org/debian bookworm/main arm64 libpgm-5.3-0 arm64 5.3.128~dfsg-2 [152 kB]
#10 39.08 Get:245 http://deb.debian.org/debian-security bookworm-security/main arm64 libsodium23 arm64 1.0.18-1+deb12u1 [118 kB]
#10 39.09 Get:246 http://deb.debian.org/debian bookworm/main arm64 libzmq5 arm64 4.3.4-6 [244 kB]
#10 39.12 Get:247 http://deb.debian.org/debian bookworm/main arm64 libavformat59 arm64 7:5.1.8-0+deb12u1 [1051 kB]
#10 39.18 Get:248 http://deb.debian.org/debian bookworm/main arm64 libbs2b0 arm64 3.1.0+dfsg-7 [10.7 kB]
#10 39.25 Get:249 http://deb.debian.org/debian bookworm/main arm64 libflite1 arm64 2.2-5 [12.8 MB]
#10 40.36 Get:250 http://deb.debian.org/debian bookworm/main arm64 libserd-0-0 arm64 0.30.16-1 [44.7 kB]
#10 40.36 Get:251 http://deb.debian.org/debian bookworm/main arm64 libsord-0-0 arm64 0.16.14+git221008-1 [20.0 kB]
#10 40.36 Get:252 http://deb.debian.org/debian bookworm/main arm64 libsratom-0-0 arm64 0.6.14-1 [15.9 kB]
#10 40.36 Get:253 http://deb.debian.org/debian bookworm/main arm64 liblilv-0-0 arm64 0.24.14-1 [46.8 kB]
#10 40.36 Get:254 http://deb.debian.org/debian bookworm/main arm64 libmysofa1 arm64 1.3.1~dfsg0-1 [1156 kB]
#10 40.43 Get:255 http://deb.debian.org/debian bookworm/main arm64 libvulkan1 arm64 1.3.239.0-1 [111 kB]
#10 40.44 Get:256 http://deb.debian.org/debian bookworm/main arm64 libplacebo208 arm64 4.208.0-3 [2004 kB]
#10 40.61 Get:257 http://deb.debian.org/debian bookworm/main arm64 libblas3 arm64 3.11.0-2 [91.4 kB]
#10 40.63 Get:258 http://deb.debian.org/debian bookworm/main arm64 libgfortran5 arm64 12.2.0-14+deb12u1 [340 kB]
#10 40.67 Get:259 http://deb.debian.org/debian bookworm/main arm64 liblapack3 arm64 3.11.0-2 [1664 kB]
#10 40.80 Get:260 http://deb.debian.org/debian bookworm/main arm64 libsphinxbase3 arm64 0.8+5prealpha+1-16 [109 kB]
#10 40.82 Get:261 http://deb.debian.org/debian bookworm/main arm64 libpocketsphinx3 arm64 0.8+5prealpha+1-15 [114 kB]
#10 40.83 Get:262 http://deb.debian.org/debian bookworm/main arm64 libpostproc56 arm64 7:5.1.8-0+deb12u1 [79.8 kB]
#10 40.85 Get:263 http://deb.debian.org/debian bookworm/main arm64 librubberband2 arm64 3.1.2+dfsg0-1 [118 kB]
#10 40.86 Get:264 http://deb.debian.org/debian bookworm/main arm64 libswscale6 arm64 7:5.1.8-0+deb12u1 [187 kB]
#10 40.88 Get:265 http://deb.debian.org/debian bookworm/main arm64 libvidstab1.1 arm64 1.1.0-2+b1 [36.4 kB]
#10 40.89 Get:266 http://deb.debian.org/debian bookworm/main arm64 libzimg2 arm64 3.0.4+ds1-1 [110 kB]
#10 40.91 Get:267 http://deb.debian.org/debian bookworm/main arm64 libavfilter8 arm64 7:5.1.8-0+deb12u1 [3319 kB]
#10 41.13 Get:268 http://deb.debian.org/debian bookworm/main arm64 libslang2 arm64 2.3.3-3 [502 kB]
#10 41.17 Get:269 http://deb.debian.org/debian bookworm/main arm64 libcaca0 arm64 0.99.beta20-3 [200 kB]
#10 41.20 Get:270 http://deb.debian.org/debian bookworm/main arm64 libcdio19 arm64 2.1.0-4 [201 kB]
#10 41.23 Get:271 http://deb.debian.org/debian bookworm/main arm64 libcdio-cdda2 arm64 10.2+2.0.1-1 [20.1 kB]
#10 41.24 Get:272 http://deb.debian.org/debian bookworm/main arm64 libcdio-paranoia2 arm64 10.2+2.0.1-1 [19.6 kB]
#10 41.24 Get:273 http://deb.debian.org/debian bookworm/main arm64 libusb-1.0-0 arm64 2:1.0.26-1 [60.0 kB]
#10 41.25 Get:274 http://deb.debian.org/debian bookworm/main arm64 libdc1394-25 arm64 2.2.6-4 [105 kB]
#10 41.26 Get:275 http://deb.debian.org/debian bookworm/main arm64 libiec61883-0 arm64 1.2.0-6+b1 [29.0 kB]
#10 41.30 Get:276 http://deb.debian.org/debian bookworm/main arm64 libsamplerate0 arm64 0.2.2-3 [945 kB]
#10 41.36 Get:277 http://deb.debian.org/debian bookworm/main arm64 libjack-jackd2-0 arm64 1.9.21~dfsg-3 [261 kB]
#10 41.39 Get:278 http://deb.debian.org/debian bookworm/main arm64 libopenal-data all 1:1.19.1-2 [170 kB]
#10 41.41 Get:279 http://deb.debian.org/debian bookworm/main arm64 libsndio7.0 arm64 1.9.0-0.3+b2 [25.7 kB]
#10 41.42 Get:280 http://deb.debian.org/debian bookworm/main arm64 libopenal1 arm64 1:1.19.1-2 [485 kB]
#10 41.45 Get:281 http://deb.debian.org/debian bookworm/main arm64 libdecor-0-0 arm64 0.1.1-2 [14.2 kB]
#10 41.45 Get:282 http://deb.debian.org/debian bookworm/main arm64 libxss1 arm64 1:1.2.3-1 [17.8 kB]
#10 41.46 Get:283 http://deb.debian.org/debian bookworm/main arm64 libsdl2-2.0-0 arm64 2.26.5+dfsg-1 [566 kB]
#10 41.54 Get:284 http://deb.debian.org/debian bookworm/main arm64 libavdevice59 arm64 7:5.1.8-0+deb12u1 [116 kB]
#10 41.56 Get:285 http://deb.debian.org/debian bookworm/main arm64 ffmpeg arm64 7:5.1.8-0+deb12u1 [1804 kB]
#10 41.73 Get:286 http://deb.debian.org/debian bookworm/main arm64 libpoppler126 arm64 22.12.0-2+deb12u1 [1753 kB]
#10 41.99 Get:287 http://deb.debian.org/debian bookworm/main arm64 poppler-utils arm64 22.12.0-2+deb12u1 [177 kB]
#10 42.00 Get:288 http://deb.debian.org/debian bookworm/main arm64 python3-lib2to3 all 3.11.2-3 [76.3 kB]
#10 42.01 Get:289 http://deb.debian.org/debian bookworm/main arm64 python3-distutils all 3.11.2-3 [131 kB]
#10 42.05 Get:290 http://deb.debian.org/debian bookworm/main arm64 python3-pkg-resources all 66.1.1-1+deb12u2 [297 kB]
#10 42.08 Get:291 http://deb.debian.org/debian bookworm/main arm64 python3-setuptools all 66.1.1-1+deb12u2 [522 kB]
#10 42.16 Get:292 http://deb.debian.org/debian bookworm/main arm64 python3-wheel all 0.38.4-2 [30.8 kB]
#10 42.19 Get:293 http://deb.debian.org/debian bookworm/main arm64 python3-pip all 23.0.1+dfsg-1 [1325 kB]
#10 43.07 debconf: delaying package configuration, since apt-utils is not installed
#10 43.12 Fetched 253 MB in 27s (9357 kB/s)
#10 43.21 Selecting previously unselected package libssl3:arm64.
#10 43.21 (Reading database ... (Reading database ... 5%(Reading database ... 10%(Reading database ... 15%(Reading database ... 20%(Reading database ... 25%(Reading database ... 30%(Reading database ... 35%(Reading database ... 40%(Reading database ... 45%(Reading database ... 50%(Reading database ... 55%(Reading database ... 60%(Reading database ... 65%(Reading database ... 70%(Reading database ... 75%(Reading database ... 80%(Reading database ... 85%(Reading database ... 90%(Reading database ... 95%(Reading database ... 100%(Reading database ... 6090 files and directories currently installed.)
#10 43.24 Preparing to unpack .../00-libssl3_3.0.18-1~deb12u2_arm64.deb ...
#10 43.26 Unpacking libssl3:arm64 (3.0.18-1~deb12u2) ...
#10 43.46 Selecting previously unselected package libargon2-1:arm64.
#10 43.46 Preparing to unpack .../01-libargon2-1_0~20171227-0.3+deb12u1_arm64.deb ...
#10 43.46 Unpacking libargon2-1:arm64 (0~20171227-0.3+deb12u1) ...
#10 43.59 Selecting previously unselected package dmsetup.
#10 43.59 Preparing to unpack .../02-dmsetup_2%3a1.02.185-2_arm64.deb ...
#10 43.60 Unpacking dmsetup (2:1.02.185-2) ...
#10 43.74 Selecting previously unselected package libdevmapper1.02.1:arm64.
#10 43.75 Preparing to unpack .../03-libdevmapper1.02.1_2%3a1.02.185-2_arm64.deb ...
#10 43.76 Unpacking libdevmapper1.02.1:arm64 (2:1.02.185-2) ...
#10 43.83 Selecting previously unselected package libjson-c5:arm64.
#10 43.83 Preparing to unpack .../04-libjson-c5_0.16-2_arm64.deb ...
#10 43.84 Unpacking libjson-c5:arm64 (0.16-2) ...
#10 43.97 Selecting previously unselected package libcryptsetup12:arm64.
#10 43.97 Preparing to unpack .../05-libcryptsetup12_2%3a2.6.1-4~deb12u2_arm64.deb ...
#10 43.98 Unpacking libcryptsetup12:arm64 (2:2.6.1-4~deb12u2) ...
#10 44.10 Selecting previously unselected package libfdisk1:arm64.
#10 44.10 Preparing to unpack .../06-libfdisk1_2.38.1-5+deb12u3_arm64.deb ...
#10 44.12 Unpacking libfdisk1:arm64 (2.38.1-5+deb12u3) ...
#10 44.25 Selecting previously unselected package libkmod2:arm64.
#10 44.25 Preparing to unpack .../07-libkmod2_30+20221128-1_arm64.deb ...
#10 44.27 Unpacking libkmod2:arm64 (30+20221128-1) ...
#10 44.53 Selecting previously unselected package libapparmor1:arm64.
#10 44.54 Preparing to unpack .../08-libapparmor1_3.0.8-3_arm64.deb ...
#10 44.61 Unpacking libapparmor1:arm64 (3.0.8-3) ...
#10 44.77 Selecting previously unselected package libip4tc2:arm64.
#10 44.77 Preparing to unpack .../09-libip4tc2_1.8.9-2_arm64.deb ...
#10 44.78 Unpacking libip4tc2:arm64 (1.8.9-2) ...
#10 44.86 Selecting previously unselected package libsystemd-shared:arm64.
#10 44.86 Preparing to unpack .../10-libsystemd-shared_252.39-1~deb12u1_arm64.deb ...
#10 44.87 Unpacking libsystemd-shared:arm64 (252.39-1~deb12u1) ...
#10 45.17 Setting up libssl3:arm64 (3.0.18-1~deb12u2) ...
#10 48.02 Selecting previously unselected package systemd.
#10 48.02 (Reading database ... (Reading database ... 5%(Reading database ... 10%(Reading database ... 15%(Reading database ... 20%(Reading database ... 25%(Reading database ... 30%(Reading database ... 35%(Reading database ... 40%(Reading database ... 45%(Reading database ... 50%(Reading database ... 55%(Reading database ... 60%(Reading database ... 65%(Reading database ... 70%(Reading database ... 75%(Reading database ... 80%(Reading database ... 85%(Reading database ... 90%(Reading database ... 95%(Reading database ... 100%(Reading database ... 6176 files and directories currently installed.)
#10 48.03 Preparing to unpack .../systemd_252.39-1~deb12u1_arm64.deb ...
#10 48.06 Unpacking systemd (252.39-1~deb12u1) ...
#10 48.45 Setting up libargon2-1:arm64 (0~20171227-0.3+deb12u1) ...
#10 48.64 Setting up libjson-c5:arm64 (0.16-2) ...
#10 49.39 Setting up libfdisk1:arm64 (2.38.1-5+deb12u3) ...
#10 50.29 Setting up libkmod2:arm64 (30+20221128-1) ...
#10 52.14 Setting up libapparmor1:arm64 (3.0.8-3) ...
#10 53.94 Setting up libip4tc2:arm64 (1.8.9-2) ...
#10 55.77 Setting up libsystemd-shared:arm64 (252.39-1~deb12u1) ...
#10 58.83 Setting up libdevmapper1.02.1:arm64 (2:1.02.185-2) ...
#10 60.83 Setting up libcryptsetup12:arm64 (2:2.6.1-4~deb12u2) ...
#10 62.09 Setting up systemd (252.39-1~deb12u1) ...
#10 70.48 Created symlink /etc/systemd/system/getty.target.wants/getty@tty1.service → /lib/systemd/system/getty@.service.
#10 71.09 Created symlink /etc/systemd/system/multi-user.target.wants/remote-fs.target → /lib/systemd/system/remote-fs.target.
#10 71.10 Created symlink /etc/systemd/system/sysinit.target.wants/systemd-pstore.service → /lib/systemd/system/systemd-pstore.service.
#10 73.51 Initializing machine ID from random generator.
#10 76.21 Creating group 'systemd-journal' with GID 999.
#10 76.21 Creating group 'systemd-network' with GID 998.
#10 76.21 Creating user 'systemd-network' (systemd Network Management) with UID 998 and GID 998.
#10 82.08 Setting up dmsetup (2:1.02.185-2) ...
#10 103.6 Selecting previously unselected package systemd-sysv.
#10 103.6 (Reading database ... (Reading database ... 5%(Reading database ... 10%(Reading database ... 15%(Reading database ... 20%(Reading database ... 25%(Reading database ... 30%(Reading database ... 35%(Reading database ... 40%(Reading database ... 45%(Reading database ... 50%(Reading database ... 55%(Reading database ... 60%(Reading database ... 65%(Reading database ... 70%(Reading database ... 75%(Reading database ... 80%(Reading database ... 85%(Reading database ... 90%(Reading database ... 95%(Reading database ... 100%(Reading database ... 7025 files and directories currently installed.)
#10 103.6 Preparing to unpack .../0-systemd-sysv_252.39-1~deb12u1_arm64.deb ...
#10 106.6 Unpacking systemd-sysv (252.39-1~deb12u1) ...
#10 118.5 Selecting previously unselected package libdbus-1-3:arm64.
#10 118.5 Preparing to unpack .../1-libdbus-1-3_1.14.10-1~deb12u1_arm64.deb ...
#10 118.5 Unpacking libdbus-1-3:arm64 (1.14.10-1~deb12u1) ...
#10 118.7 Selecting previously unselected package dbus-bin.
#10 118.7 Preparing to unpack .../2-dbus-bin_1.14.10-1~deb12u1_arm64.deb ...
#10 118.7 Unpacking dbus-bin (1.14.10-1~deb12u1) ...
#10 119.0 Selecting previously unselected package dbus-session-bus-common.
#10 119.0 Preparing to unpack .../3-dbus-session-bus-common_1.14.10-1~deb12u1_all.deb ...
#10 119.0 Unpacking dbus-session-bus-common (1.14.10-1~deb12u1) ...
#10 119.2 Selecting previously unselected package libexpat1:arm64.
#10 119.3 Preparing to unpack .../4-libexpat1_2.5.0-1+deb12u2_arm64.deb ...
#10 119.3 Unpacking libexpat1:arm64 (2.5.0-1+deb12u2) ...
#10 119.5 Selecting previously unselected package dbus-daemon.
#10 119.5 Preparing to unpack .../5-dbus-daemon_1.14.10-1~deb12u1_arm64.deb ...
#10 119.5 Unpacking dbus-daemon (1.14.10-1~deb12u1) ...
#10 119.6 Selecting previously unselected package dbus-system-bus-common.
#10 119.6 Preparing to unpack .../6-dbus-system-bus-common_1.14.10-1~deb12u1_all.deb ...
#10 119.7 Unpacking dbus-system-bus-common (1.14.10-1~deb12u1) ...
#10 119.9 Selecting previously unselected package dbus.
#10 119.9 Preparing to unpack .../7-dbus_1.14.10-1~deb12u1_arm64.deb ...
#10 119.9 Unpacking dbus (1.14.10-1~deb12u1) ...
#10 120.1 Selecting previously unselected package libpython3.11-minimal:arm64.
#10 120.1 Preparing to unpack .../8-libpython3.11-minimal_3.11.2-6+deb12u6_arm64.deb ...
#10 120.1 Unpacking libpython3.11-minimal:arm64 (3.11.2-6+deb12u6) ...
#10 120.4 Selecting previously unselected package python3.11-minimal.
#10 120.4 Preparing to unpack .../9-python3.11-minimal_3.11.2-6+deb12u6_arm64.deb ...
#10 120.4 Unpacking python3.11-minimal (3.11.2-6+deb12u6) ...
#10 120.7 Setting up libpython3.11-minimal:arm64 (3.11.2-6+deb12u6) ...
#10 120.8 Setting up libexpat1:arm64 (2.5.0-1+deb12u2) ...
#10 120.8 Setting up python3.11-minimal (3.11.2-6+deb12u6) ...
#10 130.2 Selecting previously unselected package python3-minimal.
#10 130.2 (Reading database ... (Reading database ... 5%(Reading database ... 10%(Reading database ... 15%(Reading database ... 20%(Reading database ... 25%(Reading database ... 30%(Reading database ... 35%(Reading database ... 40%(Reading database ... 45%(Reading database ... 50%(Reading database ... 55%(Reading database ... 60%(Reading database ... 65%(Reading database ... 70%(Reading database ... 75%(Reading database ... 80%(Reading database ... 85%(Reading database ... 90%(Reading database ... 95%(Reading database ... 100%(Reading database ... 7432 files and directories currently installed.)
#10 130.2 Preparing to unpack .../00-python3-minimal_3.11.2-1+b1_arm64.deb ...
#10 130.2 Unpacking python3-minimal (3.11.2-1+b1) ...
#10 130.6 Selecting previously unselected package media-types.
#10 130.6 Preparing to unpack .../01-media-types_10.0.0_all.deb ...
#10 130.6 Unpacking media-types (10.0.0) ...
#10 130.9 Selecting previously unselected package libncursesw6:arm64.
#10 130.9 Preparing to unpack .../02-libncursesw6_6.4-4_arm64.deb ...
#10 130.9 Unpacking libncursesw6:arm64 (6.4-4) ...
#10 131.1 Selecting previously unselected package libkrb5support0:arm64.
#10 131.1 Preparing to unpack .../03-libkrb5support0_1.20.1-2+deb12u4_arm64.deb ...
#10 131.1 Unpacking libkrb5support0:arm64 (1.20.1-2+deb12u4) ...
#10 131.3 Selecting previously unselected package libk5crypto3:arm64.
#10 131.3 Preparing to unpack .../04-libk5crypto3_1.20.1-2+deb12u4_arm64.deb ...
#10 131.3 Unpacking libk5crypto3:arm64 (1.20.1-2+deb12u4) ...
#10 131.7 Selecting previously unselected package libkeyutils1:arm64.
#10 131.7 Preparing to unpack .../05-libkeyutils1_1.6.3-2_arm64.deb ...
#10 131.7 Unpacking libkeyutils1:arm64 (1.6.3-2) ...
#10 132.1 Selecting previously unselected package libkrb5-3:arm64.
#10 132.1 Preparing to unpack .../06-libkrb5-3_1.20.1-2+deb12u4_arm64.deb ...
#10 132.1 Unpacking libkrb5-3:arm64 (1.20.1-2+deb12u4) ...
#10 132.7 Selecting previously unselected package libgssapi-krb5-2:arm64.
#10 132.7 Preparing to unpack .../07-libgssapi-krb5-2_1.20.1-2+deb12u4_arm64.deb ...
#10 132.8 Unpacking libgssapi-krb5-2:arm64 (1.20.1-2+deb12u4) ...
#10 133.1 Selecting previously unselected package libtirpc-common.
#10 133.1 Preparing to unpack .../08-libtirpc-common_1.3.3+ds-1_all.deb ...
#10 133.1 Unpacking libtirpc-common (1.3.3+ds-1) ...
#10 133.4 Selecting previously unselected package libtirpc3:arm64.
#10 133.4 Preparing to unpack .../09-libtirpc3_1.3.3+ds-1_arm64.deb ...
#10 133.4 Unpacking libtirpc3:arm64 (1.3.3+ds-1) ...
#10 133.8 Selecting previously unselected package libnsl2:arm64.
#10 133.8 Preparing to unpack .../10-libnsl2_1.3.0-2_arm64.deb ...
#10 133.8 Unpacking libnsl2:arm64 (1.3.0-2) ...
#10 134.1 Selecting previously unselected package readline-common.
#10 134.1 Preparing to unpack .../11-readline-common_8.2-1.3_all.deb ...
#10 134.2 Unpacking readline-common (8.2-1.3) ...
#10 134.5 Selecting previously unselected package libreadline8:arm64.
#10 134.5 Preparing to unpack .../12-libreadline8_8.2-1.3_arm64.deb ...
#10 134.6 Unpacking libreadline8:arm64 (8.2-1.3) ...
#10 134.9 Selecting previously unselected package libsqlite3-0:arm64.
#10 134.9 Preparing to unpack .../13-libsqlite3-0_3.40.1-2+deb12u2_arm64.deb ...
#10 134.9 Unpacking libsqlite3-0:arm64 (3.40.1-2+deb12u2) ...
#10 135.3 Selecting previously unselected package libpython3.11-stdlib:arm64.
#10 135.3 Preparing to unpack .../14-libpython3.11-stdlib_3.11.2-6+deb12u6_arm64.deb ...
#10 135.3 Unpacking libpython3.11-stdlib:arm64 (3.11.2-6+deb12u6) ...
#10 135.8 Selecting previously unselected package python3.11.
#10 135.8 Preparing to unpack .../15-python3.11_3.11.2-6+deb12u6_arm64.deb ...
#10 135.8 Unpacking python3.11 (3.11.2-6+deb12u6) ...
#10 136.1 Selecting previously unselected package libpython3-stdlib:arm64.
#10 136.1 Preparing to unpack .../16-libpython3-stdlib_3.11.2-1+b1_arm64.deb ...
#10 136.1 Unpacking libpython3-stdlib:arm64 (3.11.2-1+b1) ...
#10 136.3 Setting up python3-minimal (3.11.2-1+b1) ...
#10 136.9 Selecting previously unselected package python3.
#10 136.9 (Reading database ... (Reading database ... 5%(Reading database ... 10%(Reading database ... 15%(Reading database ... 20%(Reading database ... 25%(Reading database ... 30%(Reading database ... 35%(Reading database ... 40%(Reading database ... 45%(Reading database ... 50%(Reading database ... 55%(Reading database ... 60%(Reading database ... 65%(Reading database ... 70%(Reading database ... 75%(Reading database ... 80%(Reading database ... 85%(Reading database ... 90%(Reading database ... 95%(Reading database ... 100%(Reading database ... 7940 files and directories currently installed.)
#10 136.9 Preparing to unpack .../000-python3_3.11.2-1+b1_arm64.deb ...
#10 137.0 Unpacking python3 (3.11.2-1+b1) ...
#10 137.2 Selecting previously unselected package libproc2-0:arm64.
#10 137.2 Preparing to unpack .../001-libproc2-0_2%3a4.0.2-3_arm64.deb ...
#10 137.2 Unpacking libproc2-0:arm64 (2:4.0.2-3) ...
#10 137.4 Selecting previously unselected package procps.
#10 137.4 Preparing to unpack .../002-procps_2%3a4.0.2-3_arm64.deb ...
#10 137.4 Unpacking procps (2:4.0.2-3) ...
#10 137.7 Selecting previously unselected package openssl.
#10 137.7 Preparing to unpack .../003-openssl_3.0.18-1~deb12u2_arm64.deb ...
#10 137.8 Unpacking openssl (3.0.18-1~deb12u2) ...
#10 138.1 Selecting previously unselected package ca-certificates.
#10 138.1 Preparing to unpack .../004-ca-certificates_20230311+deb12u1_all.deb ...
#10 138.2 Unpacking ca-certificates (20230311+deb12u1) ...
#10 138.5 Selecting previously unselected package libpam-systemd:arm64.
#10 138.5 Preparing to unpack .../005-libpam-systemd_252.39-1~deb12u1_arm64.deb ...
#10 138.5 Unpacking libpam-systemd:arm64 (252.39-1~deb12u1) ...
#10 138.6 Selecting previously unselected package hicolor-icon-theme.
#10 138.6 Preparing to unpack .../006-hicolor-icon-theme_0.17-2_all.deb ...
#10 138.6 Unpacking hicolor-icon-theme (0.17-2) ...
#10 138.9 Selecting previously unselected package libgdk-pixbuf2.0-common.
#10 138.9 Preparing to unpack .../007-libgdk-pixbuf2.0-common_2.42.10+dfsg-1+deb12u3_all.deb ...
#10 138.9 Unpacking libgdk-pixbuf2.0-common (2.42.10+dfsg-1+deb12u3) ...
#10 139.0 Selecting previously unselected package libglib2.0-0:arm64.
#10 139.0 Preparing to unpack .../008-libglib2.0-0_2.74.6-2+deb12u8_arm64.deb ...
#10 139.0 Unpacking libglib2.0-0:arm64 (2.74.6-2+deb12u8) ...
#10 139.3 Selecting previously unselected package libicu72:arm64.
#10 139.3 Preparing to unpack .../009-libicu72_72.1-3+deb12u1_arm64.deb ...
#10 139.3 Unpacking libicu72:arm64 (72.1-3+deb12u1) ...
#10 140.0 Selecting previously unselected package libxml2:arm64.
#10 140.0 Preparing to unpack .../010-libxml2_2.9.14+dfsg-1.3~deb12u5_arm64.deb ...
#10 140.0 Unpacking libxml2:arm64 (2.9.14+dfsg-1.3~deb12u5) ...
#10 140.1 Selecting previously unselected package shared-mime-info.
#10 140.1 Preparing to unpack .../011-shared-mime-info_2.2-1_arm64.deb ...
#10 140.1 Unpacking shared-mime-info (2.2-1) ...
#10 140.4 Selecting previously unselected package libjpeg62-turbo:arm64.
#10 140.4 Preparing to unpack .../012-libjpeg62-turbo_1%3a2.1.5-2_arm64.deb ...
#10 140.4 Unpacking libjpeg62-turbo:arm64 (1:2.1.5-2) ...
#10 140.5 Selecting previously unselected package libpng16-16:arm64.
#10 140.5 Preparing to unpack .../013-libpng16-16_1.6.39-2+deb12u3_arm64.deb ...
#10 140.5 Unpacking libpng16-16:arm64 (1.6.39-2+deb12u3) ...
#10 140.6 Selecting previously unselected package libdeflate0:arm64.
#10 140.6 Preparing to unpack .../014-libdeflate0_1.14-1_arm64.deb ...
#10 140.6 Unpacking libdeflate0:arm64 (1.14-1) ...
#10 140.8 Selecting previously unselected package libjbig0:arm64.
#10 140.8 Preparing to unpack .../015-libjbig0_2.1-6.1_arm64.deb ...
#10 140.8 Unpacking libjbig0:arm64 (2.1-6.1) ...
#10 140.9 Selecting previously unselected package liblerc4:arm64.
#10 140.9 Preparing to unpack .../016-liblerc4_4.0.0+ds-2_arm64.deb ...
#10 140.9 Unpacking liblerc4:arm64 (4.0.0+ds-2) ...
#10 141.0 Selecting previously unselected package libwebp7:arm64.
#10 141.0 Preparing to unpack .../017-libwebp7_1.2.4-0.2+deb12u1_arm64.deb ...
#10 141.1 Unpacking libwebp7:arm64 (1.2.4-0.2+deb12u1) ...
#10 141.2 Selecting previously unselected package libtiff6:arm64.
#10 141.2 Preparing to unpack .../018-libtiff6_4.5.0-6+deb12u3_arm64.deb ...
#10 141.2 Unpacking libtiff6:arm64 (4.5.0-6+deb12u3) ...
#10 141.4 Selecting previously unselected package libgdk-pixbuf-2.0-0:arm64.
#10 141.4 Preparing to unpack .../019-libgdk-pixbuf-2.0-0_2.42.10+dfsg-1+deb12u3_arm64.deb ...
#10 141.4 Unpacking libgdk-pixbuf-2.0-0:arm64 (2.42.10+dfsg-1+deb12u3) ...
#10 141.5 Selecting previously unselected package gtk-update-icon-cache.
#10 141.5 Preparing to unpack .../020-gtk-update-icon-cache_3.24.38-2~deb12u3_arm64.deb ...
#10 141.5 Unpacking gtk-update-icon-cache (3.24.38-2~deb12u3) ...
#10 141.7 Selecting previously unselected package adwaita-icon-theme.
#10 141.7 Preparing to unpack .../021-adwaita-icon-theme_43-1_all.deb ...
#10 141.7 Unpacking adwaita-icon-theme (43-1) ...
#10 142.7 Selecting previously unselected package at-spi2-common.
#10 142.7 Preparing to unpack .../022-at-spi2-common_2.46.0-5_all.deb ...
#10 142.7 Unpacking at-spi2-common (2.46.0-5) ...
#10 142.8 Selecting previously unselected package libasound2-data.
#10 142.8 Preparing to unpack .../023-libasound2-data_1.2.8-1_all.deb ...
#10 142.8 Unpacking libasound2-data (1.2.8-1) ...
#10 143.0 Selecting previously unselected package libasound2:arm64.
#10 143.0 Preparing to unpack .../024-libasound2_1.2.8-1+b1_arm64.deb ...
#10 143.0 Unpacking libasound2:arm64 (1.2.8-1+b1) ...
#10 143.5 Selecting previously unselected package libatk1.0-0:arm64.
#10 143.6 Preparing to unpack .../025-libatk1.0-0_2.46.0-5_arm64.deb ...
#10 143.6 Unpacking libatk1.0-0:arm64 (2.46.0-5) ...
#10 143.7 Selecting previously unselected package libxau6:arm64.
#10 143.7 Preparing to unpack .../026-libxau6_1%3a1.0.9-1_arm64.deb ...
#10 143.7 Unpacking libxau6:arm64 (1:1.0.9-1) ...
#10 143.9 Selecting previously unselected package libbsd0:arm64.
#10 143.9 Preparing to unpack .../027-libbsd0_0.11.7-2_arm64.deb ...
#10 143.9 Unpacking libbsd0:arm64 (0.11.7-2) ...
#10 144.0 Selecting previously unselected package libxdmcp6:arm64.
#10 144.0 Preparing to unpack .../028-libxdmcp6_1%3a1.1.2-3_arm64.deb ...
#10 144.0 Unpacking libxdmcp6:arm64 (1:1.1.2-3) ...
#10 144.1 Selecting previously unselected package libxcb1:arm64.
#10 144.1 Preparing to unpack .../029-libxcb1_1.15-1_arm64.deb ...
#10 144.2 Unpacking libxcb1:arm64 (1.15-1) ...
#10 144.3 Selecting previously unselected package libx11-data.
#10 144.3 Preparing to unpack .../030-libx11-data_2%3a1.8.4-2+deb12u2_all.deb ...
#10 144.3 Unpacking libx11-data (2:1.8.4-2+deb12u2) ...
#10 144.5 Selecting previously unselected package libx11-6:arm64.
#10 144.5 Preparing to unpack .../031-libx11-6_2%3a1.8.4-2+deb12u2_arm64.deb ...
#10 144.5 Unpacking libx11-6:arm64 (2:1.8.4-2+deb12u2) ...
#10 144.8 Selecting previously unselected package libxext6:arm64.
#10 144.8 Preparing to unpack .../032-libxext6_2%3a1.3.4-1+b1_arm64.deb ...
#10 144.8 Unpacking libxext6:arm64 (2:1.3.4-1+b1) ...
#10 144.9 Selecting previously unselected package libxi6:arm64.
#10 144.9 Preparing to unpack .../033-libxi6_2%3a1.8-1+b1_arm64.deb ...
#10 144.9 Unpacking libxi6:arm64 (2:1.8-1+b1) ...
#10 145.1 Selecting previously unselected package libatspi2.0-0:arm64.
#10 145.1 Preparing to unpack .../034-libatspi2.0-0_2.46.0-5_arm64.deb ...
#10 145.1 Unpacking libatspi2.0-0:arm64 (2.46.0-5) ...
#10 145.3 Selecting previously unselected package libatk-bridge2.0-0:arm64.
#10 145.3 Preparing to unpack .../035-libatk-bridge2.0-0_2.46.0-5_arm64.deb ...
#10 145.3 Unpacking libatk-bridge2.0-0:arm64 (2.46.0-5) ...
#10 145.5 Selecting previously unselected package libbrotli1:arm64.
#10 145.5 Preparing to unpack .../036-libbrotli1_1.0.9-2+b6_arm64.deb ...
#10 145.5 Unpacking libbrotli1:arm64 (1.0.9-2+b6) ...
#10 145.7 Selecting previously unselected package libfreetype6:arm64.
#10 145.7 Preparing to unpack .../037-libfreetype6_2.12.1+dfsg-5+deb12u4_arm64.deb ...
#10 145.7 Unpacking libfreetype6:arm64 (2.12.1+dfsg-5+deb12u4) ...
#10 147.3 Selecting previously unselected package fonts-liberation.
#10 147.3 Preparing to unpack .../038-fonts-liberation_1%3a1.07.4-11_all.deb ...
#10 147.6 Unpacking fonts-liberation (1:1.07.4-11) ...
#10 149.0 Selecting previously unselected package fontconfig-config.
#10 149.0 Preparing to unpack .../039-fontconfig-config_2.14.1-4_arm64.deb ...
#10 149.3 Unpacking fontconfig-config (2.14.1-4) ...
#10 149.5 Selecting previously unselected package libfontconfig1:arm64.
#10 149.5 Preparing to unpack .../040-libfontconfig1_2.14.1-4_arm64.deb ...
#10 149.5 Unpacking libfontconfig1:arm64 (2.14.1-4) ...
#10 151.3 Selecting previously unselected package libpixman-1-0:arm64.
#10 151.3 Preparing to unpack .../041-libpixman-1-0_0.42.2-1_arm64.deb ...
#10 152.1 Unpacking libpixman-1-0:arm64 (0.42.2-1) ...
#10 155.3 Selecting previously unselected package libxcb-render0:arm64.
#10 155.3 Preparing to unpack .../042-libxcb-render0_1.15-1_arm64.deb ...
#10 155.5 Unpacking libxcb-render0:arm64 (1.15-1) ...
#10 157.3 Selecting previously unselected package libxcb-shm0:arm64.
#10 157.3 Preparing to unpack .../043-libxcb-shm0_1.15-1_arm64.deb ...
#10 157.4 Unpacking libxcb-shm0:arm64 (1.15-1) ...
#10 158.3 Selecting previously unselected package libxrender1:arm64.
#10 158.3 Preparing to unpack .../044-libxrender1_1%3a0.9.10-1.1_arm64.deb ...
#10 159.5 Unpacking libxrender1:arm64 (1:0.9.10-1.1) ...
#10 165.0 Selecting previously unselected package libcairo2:arm64.
#10 165.0 Preparing to unpack .../045-libcairo2_1.16.0-7_arm64.deb ...
#10 165.9 Unpacking libcairo2:arm64 (1.16.0-7) ...
#10 169.9 Selecting previously unselected package libavahi-common-data:arm64.
#10 169.9 Preparing to unpack .../046-libavahi-common-data_0.8-10+deb12u1_arm64.deb ...
#10 169.9 Unpacking libavahi-common-data:arm64 (0.8-10+deb12u1) ...
#10 170.1 Selecting previously unselected package libavahi-common3:arm64.
#10 170.1 Preparing to unpack .../047-libavahi-common3_0.8-10+deb12u1_arm64.deb ...
#10 170.1 Unpacking libavahi-common3:arm64 (0.8-10+deb12u1) ...
#10 170.2 Selecting previously unselected package libavahi-client3:arm64.
#10 170.2 Preparing to unpack .../048-libavahi-client3_0.8-10+deb12u1_arm64.deb ...
#10 170.2 Unpacking libavahi-client3:arm64 (0.8-10+deb12u1) ...
#10 170.3 Selecting previously unselected package libcups2:arm64.
#10 170.3 Preparing to unpack .../049-libcups2_2.4.2-3+deb12u9_arm64.deb ...
#10 170.4 Unpacking libcups2:arm64 (2.4.2-3+deb12u9) ...
#10 170.5 Selecting previously unselected package libdav1d6:arm64.
#10 170.5 Preparing to unpack .../050-libdav1d6_1.0.0-2+deb12u1_arm64.deb ...
#10 170.5 Unpacking libdav1d6:arm64 (1.0.0-2+deb12u1) ...
#10 170.7 Selecting previously unselected package libdouble-conversion3:arm64.
#10 170.7 Preparing to unpack .../051-libdouble-conversion3_3.2.1-1_arm64.deb ...
#10 170.7 Unpacking libdouble-conversion3:arm64 (3.2.1-1) ...
#10 170.8 Selecting previously unselected package libogg0:arm64.
#10 170.8 Preparing to unpack .../052-libogg0_1.3.5-3_arm64.deb ...
#10 170.8 Unpacking libogg0:arm64 (1.3.5-3) ...
#10 171.0 Selecting previously unselected package libflac12:arm64.
#10 171.0 Preparing to unpack .../053-libflac12_1.4.2+ds-2_arm64.deb ...
#10 171.0 Unpacking libflac12:arm64 (1.4.2+ds-2) ...
#10 171.1 Selecting previously unselected package libdrm-common.
#10 171.1 Preparing to unpack .../054-libdrm-common_2.4.114-1_all.deb ...
#10 171.1 Unpacking libdrm-common (2.4.114-1) ...
#10 171.2 Selecting previously unselected package libdrm2:arm64.
#10 171.2 Preparing to unpack .../055-libdrm2_2.4.114-1+b1_arm64.deb ...
#10 171.3 Unpacking libdrm2:arm64 (2.4.114-1+b1) ...
#10 171.3 Selecting previously unselected package libwayland-server0:arm64.
#10 171.3 Preparing to unpack .../056-libwayland-server0_1.21.0-1_arm64.deb ...
#10 171.4 Unpacking libwayland-server0:arm64 (1.21.0-1) ...
#10 171.5 Selecting previously unselected package libgbm1:arm64.
#10 171.5 Preparing to unpack .../057-libgbm1_22.3.6-1+deb12u1_arm64.deb ...
#10 171.5 Unpacking libgbm1:arm64 (22.3.6-1+deb12u1) ...
#10 171.6 Selecting previously unselected package libgraphite2-3:arm64.
#10 171.6 Preparing to unpack .../058-libgraphite2-3_1.3.14-1_arm64.deb ...
#10 171.6 Unpacking libgraphite2-3:arm64 (1.3.14-1) ...
#10 171.8 Selecting previously unselected package libharfbuzz0b:arm64.
#10 171.8 Preparing to unpack .../059-libharfbuzz0b_6.0.0+dfsg-3_arm64.deb ...
#10 171.8 Unpacking libharfbuzz0b:arm64 (6.0.0+dfsg-3) ...
#10 172.0 Selecting previously unselected package libharfbuzz-subset0:arm64.
#10 172.0 Preparing to unpack .../060-libharfbuzz-subset0_6.0.0+dfsg-3_arm64.deb ...
#10 172.0 Unpacking libharfbuzz-subset0:arm64 (6.0.0+dfsg-3) ...
#10 172.2 Selecting previously unselected package liblcms2-2:arm64.
#10 172.2 Preparing to unpack .../061-liblcms2-2_2.14-2_arm64.deb ...
#10 172.2 Unpacking liblcms2-2:arm64 (2.14-2) ...
#10 172.4 Selecting previously unselected package libminizip1:arm64.
#10 172.4 Preparing to unpack .../062-libminizip1_1.1-8+deb12u1_arm64.deb ...
#10 172.4 Unpacking libminizip1:arm64 (1.1-8+deb12u1) ...
#10 172.5 Selecting previously unselected package libnspr4:arm64.
#10 172.5 Preparing to unpack .../063-libnspr4_2%3a4.35-1_arm64.deb ...
#10 172.5 Unpacking libnspr4:arm64 (2:4.35-1) ...
#10 172.6 Selecting previously unselected package libnss3:arm64.
#10 172.6 Preparing to unpack .../064-libnss3_2%3a3.87.1-1+deb12u2_arm64.deb ...
#10 172.7 Unpacking libnss3:arm64 (2:3.87.1-1+deb12u2) ...
#10 172.9 Selecting previously unselected package libopenh264-7:arm64.
#10 172.9 Preparing to unpack .../065-libopenh264-7_2.3.1+dfsg-3+deb12u2_arm64.deb ...
#10 172.9 Unpacking libopenh264-7:arm64 (2.3.1+dfsg-3+deb12u2) ...
#10 173.1 Selecting previously unselected package libopenjp2-7:arm64.
#10 173.1 Preparing to unpack .../066-libopenjp2-7_2.5.0-2+deb12u2_arm64.deb ...
#10 173.1 Unpacking libopenjp2-7:arm64 (2.5.0-2+deb12u2) ...
#10 173.2 Selecting previously unselected package libopus0:arm64.
#10 173.2 Preparing to unpack .../067-libopus0_1.3.1-3_arm64.deb ...
#10 173.3 Unpacking libopus0:arm64 (1.3.1-3) ...
#10 173.4 Selecting previously unselected package fontconfig.
#10 173.4 Preparing to unpack .../068-fontconfig_2.14.1-4_arm64.deb ...
#10 173.4 Unpacking fontconfig (2.14.1-4) ...
#10 173.6 Selecting previously unselected package libfribidi0:arm64.
#10 173.6 Preparing to unpack .../069-libfribidi0_1.0.8-2.1_arm64.deb ...
#10 173.6 Unpacking libfribidi0:arm64 (1.0.8-2.1) ...
#10 173.7 Selecting previously unselected package libthai-data.
#10 173.7 Preparing to unpack .../070-libthai-data_0.1.29-1_all.deb ...
#10 173.7 Unpacking libthai-data (0.1.29-1) ...
#10 173.9 Selecting previously unselected package libdatrie1:arm64.
#10 173.9 Preparing to unpack .../071-libdatrie1_0.2.13-2+b1_arm64.deb ...
#10 173.9 Unpacking libdatrie1:arm64 (0.2.13-2+b1) ...
#10 174.0 Selecting previously unselected package libthai0:arm64.
#10 174.0 Preparing to unpack .../072-libthai0_0.1.29-1_arm64.deb ...
#10 174.0 Unpacking libthai0:arm64 (0.1.29-1) ...
#10 174.2 Selecting previously unselected package libpango-1.0-0:arm64.
#10 174.2 Preparing to unpack .../073-libpango-1.0-0_1.50.12+ds-1_arm64.deb ...
#10 174.2 Unpacking libpango-1.0-0:arm64 (1.50.12+ds-1) ...
#10 174.3 Selecting previously unselected package libasyncns0:arm64.
#10 174.3 Preparing to unpack .../074-libasyncns0_0.8-6+b3_arm64.deb ...
#10 174.3 Unpacking libasyncns0:arm64 (0.8-6+b3) ...
#10 174.4 Selecting previously unselected package libmp3lame0:arm64.
#10 174.4 Preparing to unpack .../075-libmp3lame0_3.100-6_arm64.deb ...
#10 174.5 Unpacking libmp3lame0:arm64 (3.100-6) ...
#10 174.6 Selecting previously unselected package libmpg123-0:arm64.
#10 174.6 Preparing to unpack .../076-libmpg123-0_1.31.2-1+deb12u1_arm64.deb ...
#10 174.6 Unpacking libmpg123-0:arm64 (1.31.2-1+deb12u1) ...
#10 174.8 Selecting previously unselected package libvorbis0a:arm64.
#10 174.8 Preparing to unpack .../077-libvorbis0a_1.3.7-1_arm64.deb ...
#10 174.8 Unpacking libvorbis0a:arm64 (1.3.7-1) ...
#10 174.9 Selecting previously unselected package libvorbisenc2:arm64.
#10 174.9 Preparing to unpack .../078-libvorbisenc2_1.3.7-1_arm64.deb ...
#10 174.9 Unpacking libvorbisenc2:arm64 (1.3.7-1) ...
#10 175.1 Selecting previously unselected package libsndfile1:arm64.
#10 175.1 Preparing to unpack .../079-libsndfile1_1.2.0-1+deb12u1_arm64.deb ...
#10 175.2 Unpacking libsndfile1:arm64 (1.2.0-1+deb12u1) ...
#10 175.3 Selecting previously unselected package libx11-xcb1:arm64.
#10 175.3 Preparing to unpack .../080-libx11-xcb1_2%3a1.8.4-2+deb12u2_arm64.deb ...
#10 175.3 Unpacking libx11-xcb1:arm64 (2:1.8.4-2+deb12u2) ...
#10 175.5 Selecting previously unselected package libpulse0:arm64.
#10 175.5 Preparing to unpack .../081-libpulse0_16.1+dfsg1-2+b1_arm64.deb ...
#10 175.5 Unpacking libpulse0:arm64 (16.1+dfsg1-2+b1) ...
#10 175.6 Selecting previously unselected package libxcomposite1:arm64.
#10 175.6 Preparing to unpack .../082-libxcomposite1_1%3a0.4.5-1_arm64.deb ...
#10 175.6 Unpacking libxcomposite1:arm64 (1:0.4.5-1) ...
#10 175.8 Selecting previously unselected package libxdamage1:arm64.
#10 175.8 Preparing to unpack .../083-libxdamage1_1%3a1.1.6-1_arm64.deb ...
#10 175.8 Unpacking libxdamage1:arm64 (1:1.1.6-1) ...
#10 176.1 Selecting previously unselected package libxfixes3:arm64.
#10 176.1 Preparing to unpack .../084-libxfixes3_1%3a6.0.0-2_arm64.deb ...
#10 176.1 Unpacking libxfixes3:arm64 (1:6.0.0-2) ...
#10 176.2 Selecting previously unselected package xkb-data.
#10 176.2 Preparing to unpack .../085-xkb-data_2.35.1-1_all.deb ...
#10 176.2 Unpacking xkb-data (2.35.1-1) ...
#10 176.6 Selecting previously unselected package libxkbcommon0:arm64.
#10 176.7 Preparing to unpack .../086-libxkbcommon0_1.5.0-1_arm64.deb ...
#10 176.7 Unpacking libxkbcommon0:arm64 (1.5.0-1) ...
#10 176.8 Selecting previously unselected package libxnvctrl0:arm64.
#10 176.8 Preparing to unpack .../087-libxnvctrl0_525.85.05-3~deb12u1_arm64.deb ...
#10 176.8 Unpacking libxnvctrl0:arm64 (525.85.05-3~deb12u1) ...
#10 176.9 Selecting previously unselected package libxrandr2:arm64.
#10 176.9 Preparing to unpack .../088-libxrandr2_2%3a1.5.2-2+b1_arm64.deb ...
#10 176.9 Unpacking libxrandr2:arm64 (2:1.5.2-2+b1) ...
#10 177.1 Selecting previously unselected package libcairo-gobject2:arm64.
#10 177.1 Preparing to unpack .../089-libcairo-gobject2_1.16.0-7_arm64.deb ...
#10 177.1 Unpacking libcairo-gobject2:arm64 (1.16.0-7) ...
#10 177.3 Selecting previously unselected package libcolord2:arm64.
#10 177.3 Preparing to unpack .../090-libcolord2_1.4.6-2.2_arm64.deb ...
#10 177.3 Unpacking libcolord2:arm64 (1.4.6-2.2) ...
#10 177.5 Selecting previously unselected package libepoxy0:arm64.
#10 177.5 Preparing to unpack .../091-libepoxy0_1.5.10-1_arm64.deb ...
#10 177.5 Unpacking libepoxy0:arm64 (1.5.10-1) ...
#10 177.6 Selecting previously unselected package libpangoft2-1.0-0:arm64.
#10 177.6 Preparing to unpack .../092-libpangoft2-1.0-0_1.50.12+ds-1_arm64.deb ...
#10 177.7 Unpacking libpangoft2-1.0-0:arm64 (1.50.12+ds-1) ...
#10 177.8 Selecting previously unselected package libpangocairo-1.0-0:arm64.
#10 177.8 Preparing to unpack .../093-libpangocairo-1.0-0_1.50.12+ds-1_arm64.deb ...
#10 177.8 Unpacking libpangocairo-1.0-0:arm64 (1.50.12+ds-1) ...
#10 178.0 Selecting previously unselected package libwayland-client0:arm64.
#10 178.0 Preparing to unpack .../094-libwayland-client0_1.21.0-1_arm64.deb ...
#10 178.0 Unpacking libwayland-client0:arm64 (1.21.0-1) ...
#10 178.1 Selecting previously unselected package libwayland-cursor0:arm64.
#10 178.1 Preparing to unpack .../095-libwayland-cursor0_1.21.0-1_arm64.deb ...
#10 178.2 Unpacking libwayland-cursor0:arm64 (1.21.0-1) ...
#10 178.3 Selecting previously unselected package libwayland-egl1:arm64.
#10 178.3 Preparing to unpack .../096-libwayland-egl1_1.21.0-1_arm64.deb ...
#10 178.3 Unpacking libwayland-egl1:arm64 (1.21.0-1) ...
#10 178.4 Selecting previously unselected package libxcursor1:arm64.
#10 178.4 Preparing to unpack .../097-libxcursor1_1%3a1.2.1-1_arm64.deb ...
#10 178.4 Unpacking libxcursor1:arm64 (1:1.2.1-1) ...
#10 178.5 Selecting previously unselected package libxinerama1:arm64.
#10 178.5 Preparing to unpack .../098-libxinerama1_2%3a1.1.4-3_arm64.deb ...
#10 178.6 Unpacking libxinerama1:arm64 (2:1.1.4-3) ...
#10 178.7 Selecting previously unselected package dbus-user-session.
#10 178.7 Preparing to unpack .../099-dbus-user-session_1.14.10-1~deb12u1_arm64.deb ...
#10 178.7 Unpacking dbus-user-session (1.14.10-1~deb12u1) ...
#10 178.9 Selecting previously unselected package libdconf1:arm64.
#10 178.9 Preparing to unpack .../100-libdconf1_0.40.0-4_arm64.deb ...
#10 178.9 Unpacking libdconf1:arm64 (0.40.0-4) ...
#10 179.0 Selecting previously unselected package dconf-service.
#10 179.0 Preparing to unpack .../101-dconf-service_0.40.0-4_arm64.deb ...
#10 179.0 Unpacking dconf-service (0.40.0-4) ...
#10 179.1 Selecting previously unselected package dconf-gsettings-backend:arm64.
#10 179.1 Preparing to unpack .../102-dconf-gsettings-backend_0.40.0-4_arm64.deb ...
#10 179.1 Unpacking dconf-gsettings-backend:arm64 (0.40.0-4) ...
#10 179.3 Selecting previously unselected package libgtk-3-common.
#10 179.3 Preparing to unpack .../103-libgtk-3-common_3.24.38-2~deb12u3_all.deb ...
#10 179.3 Unpacking libgtk-3-common (3.24.38-2~deb12u3) ...
#10 179.9 Selecting previously unselected package libgtk-3-0:arm64.
#10 179.9 Preparing to unpack .../104-libgtk-3-0_3.24.38-2~deb12u3_arm64.deb ...
#10 179.9 Unpacking libgtk-3-0:arm64 (3.24.38-2~deb12u3) ...
#10 180.3 Selecting previously unselected package libfontenc1:arm64.
#10 180.3 Preparing to unpack .../105-libfontenc1_1%3a1.1.4-1_arm64.deb ...
#10 180.3 Unpacking libfontenc1:arm64 (1:1.1.4-1) ...
#10 188.5 Selecting previously unselected package libglvnd0:arm64.
#10 188.5 Preparing to unpack .../106-libglvnd0_1.6.0-1_arm64.deb ...
#10 189.4 Unpacking libglvnd0:arm64 (1.6.0-1) ...
#10 203.8 Selecting previously unselected package libglapi-mesa:arm64.
#10 203.8 Preparing to unpack .../107-libglapi-mesa_22.3.6-1+deb12u1_arm64.deb ...
#10 208.2 Unpacking libglapi-mesa:arm64 (22.3.6-1+deb12u1) ...
#10 208.3 Selecting previously unselected package libxcb-dri2-0:arm64.
#10 208.3 Preparing to unpack .../108-libxcb-dri2-0_1.15-1_arm64.deb ...
#10 208.4 Unpacking libxcb-dri2-0:arm64 (1.15-1) ...
#10 208.5 Selecting previously unselected package libxcb-dri3-0:arm64.
#10 208.5 Preparing to unpack .../109-libxcb-dri3-0_1.15-1_arm64.deb ...
#10 208.5 Unpacking libxcb-dri3-0:arm64 (1.15-1) ...
#10 208.6 Selecting previously unselected package libxcb-glx0:arm64.
#10 208.7 Preparing to unpack .../110-libxcb-glx0_1.15-1_arm64.deb ...
#10 208.7 Unpacking libxcb-glx0:arm64 (1.15-1) ...
#10 208.9 Selecting previously unselected package libxcb-present0:arm64.
#10 208.9 Preparing to unpack .../111-libxcb-present0_1.15-1_arm64.deb ...
#10 208.9 Unpacking libxcb-present0:arm64 (1.15-1) ...
#10 209.0 Selecting previously unselected package libxcb-randr0:arm64.
#10 209.0 Preparing to unpack .../112-libxcb-randr0_1.15-1_arm64.deb ...
#10 209.0 Unpacking libxcb-randr0:arm64 (1.15-1) ...
#10 209.2 Selecting previously unselected package libxcb-sync1:arm64.
#10 209.2 Preparing to unpack .../113-libxcb-sync1_1.15-1_arm64.deb ...
#10 209.3 Unpacking libxcb-sync1:arm64 (1.15-1) ...
#10 209.5 Selecting previously unselected package libxcb-xfixes0:arm64.
#10 209.5 Preparing to unpack .../114-libxcb-xfixes0_1.15-1_arm64.deb ...
#10 209.5 Unpacking libxcb-xfixes0:arm64 (1.15-1) ...
#10 209.6 Selecting previously unselected package libxshmfence1:arm64.
#10 209.6 Preparing to unpack .../115-libxshmfence1_1.3-1_arm64.deb ...
#10 209.7 Unpacking libxshmfence1:arm64 (1.3-1) ...
#10 209.8 Selecting previously unselected package libxxf86vm1:arm64.
#10 209.8 Preparing to unpack .../116-libxxf86vm1_1%3a1.1.4-1+b2_arm64.deb ...
#10 209.8 Unpacking libxxf86vm1:arm64 (1:1.1.4-1+b2) ...
#10 210.0 Selecting previously unselected package libdrm-amdgpu1:arm64.
#10 210.0 Preparing to unpack .../117-libdrm-amdgpu1_2.4.114-1+b1_arm64.deb ...
#10 210.0 Unpacking libdrm-amdgpu1:arm64 (2.4.114-1+b1) ...
#10 210.1 Selecting previously unselected package libdrm-nouveau2:arm64.
#10 210.1 Preparing to unpack .../118-libdrm-nouveau2_2.4.114-1+b1_arm64.deb ...
#10 210.1 Unpacking libdrm-nouveau2:arm64 (2.4.114-1+b1) ...
#10 210.3 Selecting previously unselected package libdrm-radeon1:arm64.
#10 210.3 Preparing to unpack .../119-libdrm-radeon1_2.4.114-1+b1_arm64.deb ...
#10 210.3 Unpacking libdrm-radeon1:arm64 (2.4.114-1+b1) ...
#10 210.4 Selecting previously unselected package libelf1:arm64.
#10 210.4 Preparing to unpack .../120-libelf1_0.188-2.1_arm64.deb ...
#10 210.4 Unpacking libelf1:arm64 (0.188-2.1) ...
#10 210.6 Selecting previously unselected package libedit2:arm64.
#10 210.6 Preparing to unpack .../121-libedit2_3.1-20221030-2_arm64.deb ...
#10 210.6 Unpacking libedit2:arm64 (3.1-20221030-2) ...
#10 210.7 Selecting previously unselected package libz3-4:arm64.
#10 210.7 Preparing to unpack .../122-libz3-4_4.8.12-3.1_arm64.deb ...
#10 210.7 Unpacking libz3-4:arm64 (4.8.12-3.1) ...
#10 211.7 Selecting previously unselected package libllvm15:arm64.
#10 211.7 Preparing to unpack .../123-libllvm15_1%3a15.0.6-4+b1_arm64.deb ...
#10 211.7 Unpacking libllvm15:arm64 (1:15.0.6-4+b1) ...
#10 225.9 Selecting previously unselected package libsensors-config.
#10 225.9 Preparing to unpack .../124-libsensors-config_1%3a3.6.0-7.1_all.deb ...
#10 226.0 Unpacking libsensors-config (1:3.6.0-7.1) ...
#10 226.1 Selecting previously unselected package libsensors5:arm64.
#10 226.1 Preparing to unpack .../125-libsensors5_1%3a3.6.0-7.1_arm64.deb ...
#10 226.1 Unpacking libsensors5:arm64 (1:3.6.0-7.1) ...
#10 226.2 Selecting previously unselected package libgl1-mesa-dri:arm64.
#10 226.3 Preparing to unpack .../126-libgl1-mesa-dri_22.3.6-1+deb12u1_arm64.deb ...
#10 226.3 Unpacking libgl1-mesa-dri:arm64 (22.3.6-1+deb12u1) ...
#10 237.3 Selecting previously unselected package libglx-mesa0:arm64.
#10 237.3 Preparing to unpack .../127-libglx-mesa0_22.3.6-1+deb12u1_arm64.deb ...
#10 237.3 Unpacking libglx-mesa0:arm64 (22.3.6-1+deb12u1) ...
#10 237.5 Selecting previously unselected package libglx0:arm64.
#10 237.5 Preparing to unpack .../128-libglx0_1.6.0-1_arm64.deb ...
#10 237.5 Unpacking libglx0:arm64 (1.6.0-1) ...
#10 237.7 Selecting previously unselected package libgl1:arm64.
#10 237.7 Preparing to unpack .../129-libgl1_1.6.0-1_arm64.deb ...
#10 237.7 Unpacking libgl1:arm64 (1.6.0-1) ...
#10 237.9 Selecting previously unselected package x11-common.
#10 237.9 Preparing to unpack .../130-x11-common_1%3a7.7+23_all.deb ...
#10 237.9 Unpacking x11-common (1:7.7+23) ...
#10 238.1 Selecting previously unselected package libice6:arm64.
#10 238.1 Preparing to unpack .../131-libice6_2%3a1.0.10-1_arm64.deb ...
#10 238.1 Unpacking libice6:arm64 (2:1.0.10-1) ...
#10 238.3 Selecting previously unselected package libsm6:arm64.
#10 238.3 Preparing to unpack .../132-libsm6_2%3a1.2.3-1_arm64.deb ...
#10 238.3 Unpacking libsm6:arm64 (2:1.2.3-1) ...
#10 238.5 Selecting previously unselected package libxt6:arm64.
#10 238.5 Preparing to unpack .../133-libxt6_1%3a1.2.1-1.1_arm64.deb ...
#10 238.6 Unpacking libxt6:arm64 (1:1.2.1-1.1) ...
#10 238.7 Selecting previously unselected package libxmu6:arm64.
#10 238.8 Preparing to unpack .../134-libxmu6_2%3a1.1.3-3_arm64.deb ...
#10 238.8 Unpacking libxmu6:arm64 (2:1.1.3-3) ...
#10 238.9 Selecting previously unselected package libxpm4:arm64.
#10 238.9 Preparing to unpack .../135-libxpm4_1%3a3.5.12-1.1+deb12u1_arm64.deb ...
#10 239.0 Unpacking libxpm4:arm64 (1:3.5.12-1.1+deb12u1) ...
#10 239.1 Selecting previously unselected package libxaw7:arm64.
#10 239.1 Preparing to unpack .../136-libxaw7_2%3a1.0.14-1_arm64.deb ...
#10 239.1 Unpacking libxaw7:arm64 (2:1.0.14-1) ...
#10 239.3 Selecting previously unselected package libxcb-shape0:arm64.
#10 239.3 Preparing to unpack .../137-libxcb-shape0_1.15-1_arm64.deb ...
#10 239.3 Unpacking libxcb-shape0:arm64 (1.15-1) ...
#10 239.4 Selecting previously unselected package libxft2:arm64.
#10 239.4 Preparing to unpack .../138-libxft2_2.3.6-1_arm64.deb ...
#10 239.5 Unpacking libxft2:arm64 (2.3.6-1) ...
#10 239.6 Selecting previously unselected package libxkbfile1:arm64.
#10 239.6 Preparing to unpack .../139-libxkbfile1_1%3a1.1.0-1_arm64.deb ...
#10 239.6 Unpacking libxkbfile1:arm64 (1:1.1.0-1) ...
#10 239.7 Selecting previously unselected package libxmuu1:arm64.
#10 239.7 Preparing to unpack .../140-libxmuu1_2%3a1.1.3-3_arm64.deb ...
#10 239.7 Unpacking libxmuu1:arm64 (2:1.1.3-3) ...
#10 239.9 Selecting previously unselected package libxtst6:arm64.
#10 239.9 Preparing to unpack .../141-libxtst6_2%3a1.2.3-1.1_arm64.deb ...
#10 239.9 Unpacking libxtst6:arm64 (2:1.2.3-1.1) ...
#10 240.0 Selecting previously unselected package libxv1:arm64.
#10 240.0 Preparing to unpack .../142-libxv1_2%3a1.0.11-1.1_arm64.deb ...
#10 240.0 Unpacking libxv1:arm64 (2:1.0.11-1.1) ...
#10 240.2 Selecting previously unselected package libxxf86dga1:arm64.
#10 240.2 Preparing to unpack .../143-libxxf86dga1_2%3a1.1.5-1_arm64.deb ...
#10 240.2 Unpacking libxxf86dga1:arm64 (2:1.1.5-1) ...
#10 240.3 Selecting previously unselected package x11-utils.
#10 240.3 Preparing to unpack .../144-x11-utils_7.7+5_arm64.deb ...
#10 240.3 Unpacking x11-utils (7.7+5) ...
#10 240.5 Selecting previously unselected package xdg-utils.
#10 240.5 Preparing to unpack .../145-xdg-utils_1.1.3-4.1_all.deb ...
#10 240.5 Unpacking xdg-utils (1.1.3-4.1) ...
#10 240.7 Selecting previously unselected package chromium-common.
#10 240.7 Preparing to unpack .../146-chromium-common_146.0.7680.164-1~deb12u1_arm64.deb ...
#10 240.7 Unpacking chromium-common (146.0.7680.164-1~deb12u1) ...
#10 263.9 Selecting previously unselected package chromium.
#10 263.9 Preparing to unpack .../147-chromium_146.0.7680.164-1~deb12u1_arm64.deb ...
#10 263.9 Unpacking chromium (146.0.7680.164-1~deb12u1) ...
#10 289.1 Selecting previously unselected package libsasl2-modules-db:arm64.
#10 289.1 Preparing to unpack .../148-libsasl2-modules-db_2.1.28+dfsg-10_arm64.deb ...
#10 289.1 Unpacking libsasl2-modules-db:arm64 (2.1.28+dfsg-10) ...
#10 289.2 Selecting previously unselected package libsasl2-2:arm64.
#10 289.2 Preparing to unpack .../149-libsasl2-2_2.1.28+dfsg-10_arm64.deb ...
#10 289.2 Unpacking libsasl2-2:arm64 (2.1.28+dfsg-10) ...
#10 289.4 Selecting previously unselected package libldap-2.5-0:arm64.
#10 289.4 Preparing to unpack .../150-libldap-2.5-0_2.5.13+dfsg-5_arm64.deb ...
#10 289.4 Unpacking libldap-2.5-0:arm64 (2.5.13+dfsg-5) ...
#10 303.2 Selecting previously unselected package libnghttp2-14:arm64.
#10 303.2 Preparing to unpack .../151-libnghttp2-14_1.52.0-1+deb12u2_arm64.deb ...
#10 303.3 Unpacking libnghttp2-14:arm64 (1.52.0-1+deb12u2) ...
#10 303.5 Selecting previously unselected package libpsl5:arm64.
#10 303.5 Preparing to unpack .../152-libpsl5_0.21.2-1_arm64.deb ...
#10 303.5 Unpacking libpsl5:arm64 (0.21.2-1) ...
#10 306.7 Selecting previously unselected package librtmp1:arm64.
#10 306.7 Preparing to unpack .../153-librtmp1_2.4+20151223.gitfa8646d.1-2+b2_arm64.deb ...
#10 306.7 Unpacking librtmp1:arm64 (2.4+20151223.gitfa8646d.1-2+b2) ...
#10 306.9 Selecting previously unselected package libssh2-1:arm64.
#10 306.9 Preparing to unpack .../154-libssh2-1_1.10.0-3+b1_arm64.deb ...
#10 306.9 Unpacking libssh2-1:arm64 (1.10.0-3+b1) ...
#10 307.2 Selecting previously unselected package libcurl4:arm64.
#10 307.2 Preparing to unpack .../155-libcurl4_7.88.1-10+deb12u14_arm64.deb ...
#10 307.2 Unpacking libcurl4:arm64 (7.88.1-10+deb12u14) ...
#10 310.9 Selecting previously unselected package curl.
#10 310.9 Preparing to unpack .../156-curl_7.88.1-10+deb12u14_arm64.deb ...
#10 318.9 Unpacking curl (7.88.1-10+deb12u14) ...
#10 319.3 Selecting previously unselected package libaom3:arm64.
#10 319.3 Preparing to unpack .../157-libaom3_3.6.0-1+deb12u2_arm64.deb ...
#10 319.4 Unpacking libaom3:arm64 (3.6.0-1+deb12u2) ...
#10 319.8 Selecting previously unselected package libva2:arm64.
#10 319.8 Preparing to unpack .../158-libva2_2.17.0-1_arm64.deb ...
#10 319.8 Unpacking libva2:arm64 (2.17.0-1) ...
#10 320.4 Selecting previously unselected package libva-drm2:arm64.
#10 320.4 Preparing to unpack .../159-libva-drm2_2.17.0-1_arm64.deb ...
#10 320.5 Unpacking libva-drm2:arm64 (2.17.0-1) ...
#10 324.6 Selecting previously unselected package libva-x11-2:arm64.
#10 324.6 Preparing to unpack .../160-libva-x11-2_2.17.0-1_arm64.deb ...
#10 324.7 Unpacking libva-x11-2:arm64 (2.17.0-1) ...
#10 325.0 Selecting previously unselected package libvdpau1:arm64.
#10 325.0 Preparing to unpack .../161-libvdpau1_1.5-2_arm64.deb ...
#10 325.3 Unpacking libvdpau1:arm64 (1.5-2) ...
#10 325.6 Selecting previously unselected package ocl-icd-libopencl1:arm64.
#10 325.6 Preparing to unpack .../162-ocl-icd-libopencl1_2.3.1-1_arm64.deb ...
#10 325.6 Unpacking ocl-icd-libopencl1:arm64 (2.3.1-1) ...
#10 329.6 Selecting previously unselected package libavutil57:arm64.
#10 329.6 Preparing to unpack .../163-libavutil57_7%3a5.1.8-0+deb12u1_arm64.deb ...
#10 329.6 Unpacking libavutil57:arm64 (7:5.1.8-0+deb12u1) ...
#10 329.9 Selecting previously unselected package libcodec2-1.0:arm64.
#10 329.9 Preparing to unpack .../164-libcodec2-1.0_1.0.5-1_arm64.deb ...
#10 329.9 Unpacking libcodec2-1.0:arm64 (1.0.5-1) ...
#10 ...

#11 [internal] load build context
#11 ...

#10 [stage-1 2/4] RUN apt-get update &&     apt-get install -y --no-install-recommends       python3 python3-pip ffmpeg ca-certificates tzdata curl poppler-utils util-linux       chromium fonts-liberation &&     pip3 install edge-tts --break-system-packages &&     apt-get clean && rm -rf /var/lib/apt/lists/*
#10 341.1 Selecting previously unselected package libgsm1:arm64.
#10 341.1 Preparing to unpack .../165-libgsm1_1.0.22-1_arm64.deb ...
#10 341.1 Unpacking libgsm1:arm64 (1.0.22-1) ...
#10 341.4 Selecting previously unselected package libhwy1:arm64.
#10 341.4 Preparing to unpack .../166-libhwy1_1.0.3-3+deb12u1_arm64.deb ...
#10 341.4 Unpacking libhwy1:arm64 (1.0.3-3+deb12u1) ...
#10 341.7 Selecting previously unselected package libjxl0.7:arm64.
#10 341.7 Preparing to unpack .../167-libjxl0.7_0.7.0-10+deb12u1_arm64.deb ...
#10 341.9 Unpacking libjxl0.7:arm64 (0.7.0-10+deb12u1) ...
#10 342.4 Selecting previously unselected package librav1e0:arm64.
#10 342.4 Preparing to unpack .../168-librav1e0_0.5.1-6_arm64.deb ...
#10 342.4 Unpacking librav1e0:arm64 (0.5.1-6) ...
#10 342.8 Selecting previously unselected package librsvg2-2:arm64.
#10 342.8 Preparing to unpack .../169-librsvg2-2_2.54.7+dfsg-1~deb12u1_arm64.deb ...
#10 342.8 Unpacking librsvg2-2:arm64 (2.54.7+dfsg-1~deb12u1) ...
#10 347.8 Selecting previously unselected package libshine3:arm64.
#10 347.8 Preparing to unpack .../170-libshine3_3.1.1-2_arm64.deb ...
#10 347.9 Unpacking libshine3:arm64 (3.1.1-2) ...
#10 348.1 Selecting previously unselected package libsnappy1v5:arm64.
#10 348.1 Preparing to unpack .../171-libsnappy1v5_1.1.9-3_arm64.deb ...
#10 348.1 Unpacking libsnappy1v5:arm64 (1.1.9-3) ...
#10 348.4 Selecting previously unselected package libspeex1:arm64.
#10 348.4 Preparing to unpack .../172-libspeex1_1.2.1-2_arm64.deb ...
#10 348.4 Unpacking libspeex1:arm64 (1.2.1-2) ...
#10 ...

#11 [internal] load build context
#11 transferring context: 47.31MB 7.8s
#11 transferring context: 50.78MB 13.2s
#11 ...

#10 [stage-1 2/4] RUN apt-get update &&     apt-get install -y --no-install-recommends       python3 python3-pip ffmpeg ca-certificates tzdata curl poppler-utils util-linux       chromium fonts-liberation &&     pip3 install edge-tts --break-system-packages &&     apt-get clean && rm -rf /var/lib/apt/lists/*
#10 356.6 Selecting previously unselected package libsvtav1enc1:arm64.
#10 356.6 Preparing to unpack .../173-libsvtav1enc1_1.4.1+dfsg-1_arm64.deb ...
#10 356.6 Unpacking libsvtav1enc1:arm64 (1.4.1+dfsg-1) ...
#10 357.0 Selecting previously unselected package libgomp1:arm64.
#10 357.0 Preparing to unpack .../174-libgomp1_12.2.0-14+deb12u1_arm64.deb ...
#10 357.1 Unpacking libgomp1:arm64 (12.2.0-14+deb12u1) ...
#10 ...

#11 [internal] load build context
#11 transferring context: 72.44MB 15.6s done
#11 DONE 32.4s

#12 [builder 4/7] COPY go.mod go.sum ./
#12 DONE 0.5s

#13 [builder 5/7] RUN go mod download
#13 DONE 103.8s

#14 [builder 4/7] COPY go.mod go.sum ./
#14 CACHED

#15 [builder 5/7] RUN go mod download
#15 CACHED

#10 [stage-1 2/4] RUN apt-get update &&     apt-get install -y --no-install-recommends       python3 python3-pip ffmpeg ca-certificates tzdata curl poppler-utils util-linux       chromium fonts-liberation &&     pip3 install edge-tts --break-system-packages &&     apt-get clean && rm -rf /var/lib/apt/lists/*
#10 357.6 Selecting previously unselected package libsoxr0:arm64.
#10 357.6 Preparing to unpack .../175-libsoxr0_0.1.3-4_arm64.deb ...
#10 357.6 Unpacking libsoxr0:arm64 (0.1.3-4) ...
#10 ...

#16 [builder 6/7] COPY . .
#16 ...

#10 [stage-1 2/4] RUN apt-get update &&     apt-get install -y --no-install-recommends       python3 python3-pip ffmpeg ca-certificates tzdata curl poppler-utils util-linux       chromium fonts-liberation &&     pip3 install edge-tts --break-system-packages &&     apt-get clean && rm -rf /var/lib/apt/lists/*
#10 397.0 Selecting previously unselected package libswresample4:arm64.
#10 397.0 Preparing to unpack .../176-libswresample4_7%3a5.1.8-0+deb12u1_arm64.deb ...
#10 399.5 Unpacking libswresample4:arm64 (7:5.1.8-0+deb12u1) ...
#10 ...

#16 [builder 6/7] COPY . .
#16 DONE 42.3s

#17 [builder 7/7] RUN go generate ./... && CGO_ENABLED=0 go build -o /picoclaw ./cmd/picoclaw/
#17 ...

#10 [stage-1 2/4] RUN apt-get update &&     apt-get install -y --no-install-recommends       python3 python3-pip ffmpeg ca-certificates tzdata curl poppler-utils util-linux       chromium fonts-liberation &&     pip3 install edge-tts --break-system-packages &&     apt-get clean && rm -rf /var/lib/apt/lists/*
#10 400.5 Selecting previously unselected package libtheora0:arm64.
#10 400.5 Preparing to unpack .../177-libtheora0_1.1.1+dfsg.1-16.1+deb12u1_arm64.deb ...
#10 400.6 Unpacking libtheora0:arm64 (1.1.1+dfsg.1-16.1+deb12u1) ...
#10 401.3 Selecting previously unselected package libtwolame0:arm64.
#10 401.3 Preparing to unpack .../178-libtwolame0_0.4.0-2_arm64.deb ...
#10 401.4 Unpacking libtwolame0:arm64 (0.4.0-2) ...
#10 402.2 Selecting previously unselected package libvpx7:arm64.
#10 402.2 Preparing to unpack .../179-libvpx7_1.12.0-1+deb12u5_arm64.deb ...
#10 402.3 Unpacking libvpx7:arm64 (1.12.0-1+deb12u5) ...
#10 402.9 Selecting previously unselected package libwebpmux3:arm64.
#10 402.9 Preparing to unpack .../180-libwebpmux3_1.2.4-0.2+deb12u1_arm64.deb ...
#10 403.0 Unpacking libwebpmux3:arm64 (1.2.4-0.2+deb12u1) ...
#10 403.4 Selecting previously unselected package libx264-164:arm64.
#10 403.4 Preparing to unpack .../181-libx264-164_2%3a0.164.3095+gitbaee400-3_arm64.deb ...
#10 403.4 Unpacking libx264-164:arm64 (2:0.164.3095+gitbaee400-3) ...
#10 403.8 Selecting previously unselected package libnuma1:arm64.
#10 403.8 Preparing to unpack .../182-libnuma1_2.0.16-1_arm64.deb ...
#10 403.8 Unpacking libnuma1:arm64 (2.0.16-1) ...
#10 404.2 Selecting previously unselected package libx265-199:arm64.
#10 404.2 Preparing to unpack .../183-libx265-199_3.5-2+b1_arm64.deb ...
#10 404.2 Unpacking libx265-199:arm64 (3.5-2+b1) ...
#10 404.7 Selecting previously unselected package libxvidcore4:arm64.
#10 404.7 Preparing to unpack .../184-libxvidcore4_2%3a1.3.7-1_arm64.deb ...
#10 404.8 Unpacking libxvidcore4:arm64 (2:1.3.7-1) ...
#10 405.1 Selecting previously unselected package libzvbi-common.
#10 405.1 Preparing to unpack .../185-libzvbi-common_0.2.41-1_all.deb ...
#10 405.2 Unpacking libzvbi-common (0.2.41-1) ...
#10 405.5 Selecting previously unselected package libzvbi0:arm64.
#10 405.5 Preparing to unpack .../186-libzvbi0_0.2.41-1_arm64.deb ...
#10 405.5 Unpacking libzvbi0:arm64 (0.2.41-1) ...
#10 405.9 Selecting previously unselected package libavcodec59:arm64.
#10 405.9 Preparing to unpack .../187-libavcodec59_7%3a5.1.8-0+deb12u1_arm64.deb ...
#10 405.9 Unpacking libavcodec59:arm64 (7:5.1.8-0+deb12u1) ...
#10 406.6 Selecting previously unselected package libraw1394-11:arm64.
#10 406.6 Preparing to unpack .../188-libraw1394-11_2.1.2-2_arm64.deb ...
#10 406.7 Unpacking libraw1394-11:arm64 (2.1.2-2) ...
#10 406.9 Selecting previously unselected package libavc1394-0:arm64.
#10 406.9 Preparing to unpack .../189-libavc1394-0_0.5.4-5_arm64.deb ...
#10 406.9 Unpacking libavc1394-0:arm64 (0.5.4-5) ...
#10 407.2 Selecting previously unselected package libass9:arm64.
#10 407.2 Preparing to unpack .../190-libass9_1%3a0.17.1-1_arm64.deb ...
#10 407.2 Unpacking libass9:arm64 (1:0.17.1-1) ...
#10 407.6 Selecting previously unselected package libudfread0:arm64.
#10 407.6 Preparing to unpack .../191-libudfread0_1.1.2-1_arm64.deb ...
#10 407.6 Unpacking libudfread0:arm64 (1.1.2-1) ...
#10 407.8 Selecting previously unselected package libbluray2:arm64.
#10 407.9 Preparing to unpack .../192-libbluray2_1%3a1.3.4-1_arm64.deb ...
#10 407.9 Unpacking libbluray2:arm64 (1:1.3.4-1) ...
#10 408.1 Selecting previously unselected package libchromaprint1:arm64.
#10 408.1 Preparing to unpack .../193-libchromaprint1_1.5.1-2+b1_arm64.deb ...
#10 408.2 Unpacking libchromaprint1:arm64 (1.5.1-2+b1) ...
#10 408.4 Selecting previously unselected package libgme0:arm64.
#10 408.4 Preparing to unpack .../194-libgme0_0.6.3-6_arm64.deb ...
#10 408.4 Unpacking libgme0:arm64 (0.6.3-6) ...
#10 408.9 Selecting previously unselected package libvorbisfile3:arm64.
#10 408.9 Preparing to unpack .../195-libvorbisfile3_1.3.7-1_arm64.deb ...
#10 409.0 Unpacking libvorbisfile3:arm64 (1.3.7-1) ...
#10 409.4 Selecting previously unselected package libopenmpt0:arm64.
#10 409.4 Preparing to unpack .../196-libopenmpt0_0.6.9-1_arm64.deb ...
#10 409.4 Unpacking libopenmpt0:arm64 (0.6.9-1) ...
#10 409.9 Selecting previously unselected package librabbitmq4:arm64.
#10 409.9 Preparing to unpack .../197-librabbitmq4_0.11.0-1+deb12u1_arm64.deb ...
#10 409.9 Unpacking librabbitmq4:arm64 (0.11.0-1+deb12u1) ...
#10 410.3 Selecting previously unselected package libcjson1:arm64.
#10 410.3 Preparing to unpack .../198-libcjson1_1.7.15-1+deb12u4_arm64.deb ...
#10 410.4 Unpacking libcjson1:arm64 (1.7.15-1+deb12u4) ...
#10 410.8 Selecting previously unselected package libmbedcrypto7:arm64.
#10 410.8 Preparing to unpack .../199-libmbedcrypto7_2.28.3-1_arm64.deb ...
#10 410.8 Unpacking libmbedcrypto7:arm64 (2.28.3-1) ...
#10 411.1 Selecting previously unselected package librist4:arm64.
#10 411.1 Preparing to unpack .../200-librist4_0.2.7+dfsg-1_arm64.deb ...
#10 411.2 Unpacking librist4:arm64 (0.2.7+dfsg-1) ...
#10 411.5 Selecting previously unselected package libsrt1.5-gnutls:arm64.
#10 411.5 Preparing to unpack .../201-libsrt1.5-gnutls_1.5.1-1+deb12u1_arm64.deb ...
#10 411.5 Unpacking libsrt1.5-gnutls:arm64 (1.5.1-1+deb12u1) ...
#10 411.8 Selecting previously unselected package libssh-gcrypt-4:arm64.
#10 411.8 Preparing to unpack .../202-libssh-gcrypt-4_0.10.6-0+deb12u2_arm64.deb ...
#10 411.9 Unpacking libssh-gcrypt-4:arm64 (0.10.6-0+deb12u2) ...
#10 412.4 Selecting previously unselected package libnorm1:arm64.
#10 412.4 Preparing to unpack .../203-libnorm1_1.5.9+dfsg-2_arm64.deb ...
#10 412.4 Unpacking libnorm1:arm64 (1.5.9+dfsg-2) ...
#10 412.8 Selecting previously unselected package libpgm-5.3-0:arm64.
#10 412.8 Preparing to unpack .../204-libpgm-5.3-0_5.3.128~dfsg-2_arm64.deb ...
#10 412.9 Unpacking libpgm-5.3-0:arm64 (5.3.128~dfsg-2) ...
#10 413.1 Selecting previously unselected package libsodium23:arm64.
#10 413.1 Preparing to unpack .../205-libsodium23_1.0.18-1+deb12u1_arm64.deb ...
#10 413.2 Unpacking libsodium23:arm64 (1.0.18-1+deb12u1) ...
#10 413.5 Selecting previously unselected package libzmq5:arm64.
#10 413.5 Preparing to unpack .../206-libzmq5_4.3.4-6_arm64.deb ...
#10 413.5 Unpacking libzmq5:arm64 (4.3.4-6) ...
#10 413.8 Selecting previously unselected package libavformat59:arm64.
#10 413.8 Preparing to unpack .../207-libavformat59_7%3a5.1.8-0+deb12u1_arm64.deb ...
#10 413.8 Unpacking libavformat59:arm64 (7:5.1.8-0+deb12u1) ...
#10 414.1 Selecting previously unselected package libbs2b0:arm64.
#10 414.1 Preparing to unpack .../208-libbs2b0_3.1.0+dfsg-7_arm64.deb ...
#10 414.2 Unpacking libbs2b0:arm64 (3.1.0+dfsg-7) ...
#10 414.5 Selecting previously unselected package libflite1:arm64.
#10 414.5 Preparing to unpack .../209-libflite1_2.2-5_arm64.deb ...
#10 414.5 Unpacking libflite1:arm64 (2.2-5) ...
#10 415.7 Selecting previously unselected package libserd-0-0:arm64.
#10 415.7 Preparing to unpack .../210-libserd-0-0_0.30.16-1_arm64.deb ...
#10 415.7 Unpacking libserd-0-0:arm64 (0.30.16-1) ...
#10 415.9 Selecting previously unselected package libsord-0-0:arm64.
#10 415.9 Preparing to unpack .../211-libsord-0-0_0.16.14+git221008-1_arm64.deb ...
#10 416.0 Unpacking libsord-0-0:arm64 (0.16.14+git221008-1) ...
#10 416.2 Selecting previously unselected package libsratom-0-0:arm64.
#10 416.2 Preparing to unpack .../212-libsratom-0-0_0.6.14-1_arm64.deb ...
#10 416.2 Unpacking libsratom-0-0:arm64 (0.6.14-1) ...
#10 416.4 Selecting previously unselected package liblilv-0-0:arm64.
#10 416.4 Preparing to unpack .../213-liblilv-0-0_0.24.14-1_arm64.deb ...
#10 416.5 Unpacking liblilv-0-0:arm64 (0.24.14-1) ...
#10 416.7 Selecting previously unselected package libmysofa1:arm64.
#10 416.7 Preparing to unpack .../214-libmysofa1_1.3.1~dfsg0-1_arm64.deb ...
#10 416.7 Unpacking libmysofa1:arm64 (1.3.1~dfsg0-1) ...
#10 417.3 Selecting previously unselected package libvulkan1:arm64.
#10 417.3 Preparing to unpack .../215-libvulkan1_1.3.239.0-1_arm64.deb ...
#10 417.4 Unpacking libvulkan1:arm64 (1.3.239.0-1) ...
#10 417.8 Selecting previously unselected package libplacebo208:arm64.
#10 417.8 Preparing to unpack .../216-libplacebo208_4.208.0-3_arm64.deb ...
#10 417.8 Unpacking libplacebo208:arm64 (4.208.0-3) ...
#10 420.8 Selecting previously unselected package libblas3:arm64.
#10 420.8 Preparing to unpack .../217-libblas3_3.11.0-2_arm64.deb ...
#10 420.9 Unpacking libblas3:arm64 (3.11.0-2) ...
#10 421.4 Selecting previously unselected package libgfortran5:arm64.
#10 421.4 Preparing to unpack .../218-libgfortran5_12.2.0-14+deb12u1_arm64.deb ...
#10 421.5 Unpacking libgfortran5:arm64 (12.2.0-14+deb12u1) ...
#10 422.1 Selecting previously unselected package liblapack3:arm64.
#10 422.1 Preparing to unpack .../219-liblapack3_3.11.0-2_arm64.deb ...
#10 422.1 Unpacking liblapack3:arm64 (3.11.0-2) ...
#10 448.4 Selecting previously unselected package libsphinxbase3:arm64.
#10 448.4 Preparing to unpack .../220-libsphinxbase3_0.8+5prealpha+1-16_arm64.deb ...
#10 449.4 Unpacking libsphinxbase3:arm64 (0.8+5prealpha+1-16) ...
#10 449.7 Selecting previously unselected package libpocketsphinx3:arm64.
#10 449.7 Preparing to unpack .../221-libpocketsphinx3_0.8+5prealpha+1-15_arm64.deb ...
#10 449.7 Unpacking libpocketsphinx3:arm64 (0.8+5prealpha+1-15) ...
#10 450.0 Selecting previously unselected package libpostproc56:arm64.
#10 450.0 Preparing to unpack .../222-libpostproc56_7%3a5.1.8-0+deb12u1_arm64.deb ...
#10 450.0 Unpacking libpostproc56:arm64 (7:5.1.8-0+deb12u1) ...
#10 450.2 Selecting previously unselected package librubberband2:arm64.
#10 450.2 Preparing to unpack .../223-librubberband2_3.1.2+dfsg0-1_arm64.deb ...
#10 450.2 Unpacking librubberband2:arm64 (3.1.2+dfsg0-1) ...
#10 450.4 Selecting previously unselected package libswscale6:arm64.
#10 450.4 Preparing to unpack .../224-libswscale6_7%3a5.1.8-0+deb12u1_arm64.deb ...
#10 450.5 Unpacking libswscale6:arm64 (7:5.1.8-0+deb12u1) ...
#10 450.7 Selecting previously unselected package libvidstab1.1:arm64.
#10 450.7 Preparing to unpack .../225-libvidstab1.1_1.1.0-2+b1_arm64.deb ...
#10 450.7 Unpacking libvidstab1.1:arm64 (1.1.0-2+b1) ...
#10 450.9 Selecting previously unselected package libzimg2:arm64.
#10 450.9 Preparing to unpack .../226-libzimg2_3.0.4+ds1-1_arm64.deb ...
#10 451.0 Unpacking libzimg2:arm64 (3.0.4+ds1-1) ...
#10 451.1 Selecting previously unselected package libavfilter8:arm64.
#10 451.1 Preparing to unpack .../227-libavfilter8_7%3a5.1.8-0+deb12u1_arm64.deb ...
#10 451.1 Unpacking libavfilter8:arm64 (7:5.1.8-0+deb12u1) ...
#10 452.0 Selecting previously unselected package libslang2:arm64.
#10 452.0 Preparing to unpack .../228-libslang2_2.3.3-3_arm64.deb ...
#10 452.0 Unpacking libslang2:arm64 (2.3.3-3) ...
#10 452.3 Selecting previously unselected package libcaca0:arm64.
#10 452.3 Preparing to unpack .../229-libcaca0_0.99.beta20-3_arm64.deb ...
#10 452.3 Unpacking libcaca0:arm64 (0.99.beta20-3) ...
#10 452.5 Selecting previously unselected package libcdio19:arm64.
#10 452.5 Preparing to unpack .../230-libcdio19_2.1.0-4_arm64.deb ...
#10 452.5 Unpacking libcdio19:arm64 (2.1.0-4) ...
#10 452.7 Selecting previously unselected package libcdio-cdda2:arm64.
#10 452.7 Preparing to unpack .../231-libcdio-cdda2_10.2+2.0.1-1_arm64.deb ...
#10 452.7 Unpacking libcdio-cdda2:arm64 (10.2+2.0.1-1) ...
#10 452.9 Selecting previously unselected package libcdio-paranoia2:arm64.
#10 452.9 Preparing to unpack .../232-libcdio-paranoia2_10.2+2.0.1-1_arm64.deb ...
#10 452.9 Unpacking libcdio-paranoia2:arm64 (10.2+2.0.1-1) ...
#10 453.2 Selecting previously unselected package libusb-1.0-0:arm64.
#10 453.2 Preparing to unpack .../233-libusb-1.0-0_2%3a1.0.26-1_arm64.deb ...
#10 453.2 Unpacking libusb-1.0-0:arm64 (2:1.0.26-1) ...
#10 453.4 Selecting previously unselected package libdc1394-25:arm64.
#10 453.4 Preparing to unpack .../234-libdc1394-25_2.2.6-4_arm64.deb ...
#10 453.4 Unpacking libdc1394-25:arm64 (2.2.6-4) ...
#10 453.7 Selecting previously unselected package libiec61883-0:arm64.
#10 453.7 Preparing to unpack .../235-libiec61883-0_1.2.0-6+b1_arm64.deb ...
#10 453.7 Unpacking libiec61883-0:arm64 (1.2.0-6+b1) ...
#10 453.9 Selecting previously unselected package libsamplerate0:arm64.
#10 453.9 Preparing to unpack .../236-libsamplerate0_0.2.2-3_arm64.deb ...
#10 453.9 Unpacking libsamplerate0:arm64 (0.2.2-3) ...
#10 454.2 Selecting previously unselected package libjack-jackd2-0:arm64.
#10 454.2 Preparing to unpack .../237-libjack-jackd2-0_1.9.21~dfsg-3_arm64.deb ...
#10 454.2 Unpacking libjack-jackd2-0:arm64 (1.9.21~dfsg-3) ...
#10 454.7 Selecting previously unselected package libopenal-data.
#10 454.7 Preparing to unpack .../238-libopenal-data_1%3a1.19.1-2_all.deb ...
#10 454.7 Unpacking libopenal-data (1:1.19.1-2) ...
#10 455.0 Selecting previously unselected package libsndio7.0:arm64.
#10 455.0 Preparing to unpack .../239-libsndio7.0_1.9.0-0.3+b2_arm64.deb ...
#10 455.0 Unpacking libsndio7.0:arm64 (1.9.0-0.3+b2) ...
#10 455.2 Selecting previously unselected package libopenal1:arm64.
#10 455.2 Preparing to unpack .../240-libopenal1_1%3a1.19.1-2_arm64.deb ...
#10 455.2 Unpacking libopenal1:arm64 (1:1.19.1-2) ...
#10 455.4 Selecting previously unselected package libdecor-0-0:arm64.
#10 455.4 Preparing to unpack .../241-libdecor-0-0_0.1.1-2_arm64.deb ...
#10 455.4 Unpacking libdecor-0-0:arm64 (0.1.1-2) ...
#10 455.5 Selecting previously unselected package libxss1:arm64.
#10 455.5 Preparing to unpack .../242-libxss1_1%3a1.2.3-1_arm64.deb ...
#10 455.5 Unpacking libxss1:arm64 (1:1.2.3-1) ...
#10 455.7 Selecting previously unselected package libsdl2-2.0-0:arm64.
#10 455.7 Preparing to unpack .../243-libsdl2-2.0-0_2.26.5+dfsg-1_arm64.deb ...
#10 455.7 Unpacking libsdl2-2.0-0:arm64 (2.26.5+dfsg-1) ...
#10 456.0 Selecting previously unselected package libavdevice59:arm64.
#10 456.0 Preparing to unpack .../244-libavdevice59_7%3a5.1.8-0+deb12u1_arm64.deb ...
#10 456.0 Unpacking libavdevice59:arm64 (7:5.1.8-0+deb12u1) ...
#10 456.1 Selecting previously unselected package ffmpeg.
#10 456.1 Preparing to unpack .../245-ffmpeg_7%3a5.1.8-0+deb12u1_arm64.deb ...
#10 456.1 Unpacking ffmpeg (7:5.1.8-0+deb12u1) ...
#10 456.3 Selecting previously unselected package libpoppler126:arm64.
#10 456.3 Preparing to unpack .../246-libpoppler126_22.12.0-2+deb12u1_arm64.deb ...
#10 456.4 Unpacking libpoppler126:arm64 (22.12.0-2+deb12u1) ...
#10 456.7 Selecting previously unselected package poppler-utils.
#10 456.7 Preparing to unpack .../247-poppler-utils_22.12.0-2+deb12u1_arm64.deb ...
#10 456.7 Unpacking poppler-utils (22.12.0-2+deb12u1) ...
#10 456.9 Selecting previously unselected package python3-lib2to3.
#10 456.9 Preparing to unpack .../248-python3-lib2to3_3.11.2-3_all.deb ...
#10 456.9 Unpacking python3-lib2to3 (3.11.2-3) ...
#10 457.1 Selecting previously unselected package python3-distutils.
#10 457.1 Preparing to unpack .../249-python3-distutils_3.11.2-3_all.deb ...
#10 457.1 Unpacking python3-distutils (3.11.2-3) ...
#10 457.3 Selecting previously unselected package python3-pkg-resources.
#10 457.3 Preparing to unpack .../250-python3-pkg-resources_66.1.1-1+deb12u2_all.deb ...
#10 457.3 Unpacking python3-pkg-resources (66.1.1-1+deb12u2) ...
#10 457.6 Selecting previously unselected package python3-setuptools.
#10 457.6 Preparing to unpack .../251-python3-setuptools_66.1.1-1+deb12u2_all.deb ...
#10 457.6 Unpacking python3-setuptools (66.1.1-1+deb12u2) ...
#10 458.0 Selecting previously unselected package python3-wheel.
#10 458.0 Preparing to unpack .../252-python3-wheel_0.38.4-2_all.deb ...
#10 458.0 Unpacking python3-wheel (0.38.4-2) ...
#10 458.2 Selecting previously unselected package python3-pip.
#10 458.2 Preparing to unpack .../253-python3-pip_23.0.1+dfsg-1_all.deb ...
#10 458.2 Unpacking python3-pip (23.0.1+dfsg-1) ...
#10 458.8 Setting up libgme0:arm64 (0.6.3-6) ...
#10 458.8 Setting up media-types (10.0.0) ...
#10 458.9 Setting up libgraphite2-3:arm64 (1.3.14-1) ...
#10 458.9 Setting up liblcms2-2:arm64 (2.14-2) ...
#10 459.0 Setting up libpixman-1-0:arm64 (0.42.2-1) ...
#10 459.0 Setting up libudfread0:arm64 (1.1.2-1) ...
#10 459.0 Setting up libwayland-server0:arm64 (1.21.0-1) ...
#10 459.1 Setting up libaom3:arm64 (3.6.0-1+deb12u2) ...
#10 459.2 Setting up librabbitmq4:arm64 (0.11.0-1+deb12u1) ...
#10 459.3 Setting up systemd-sysv (252.39-1~deb12u1) ...
#10 459.4 Setting up libxau6:arm64 (1:1.0.9-1) ...
#10 459.4 Setting up libdouble-conversion3:arm64 (3.2.1-1) ...
#10 459.5 Setting up libraw1394-11:arm64 (2.1.2-2) ...
#10 459.5 Setting up libkeyutils1:arm64 (1.6.3-2) ...
#10 459.6 Setting up libpsl5:arm64 (0.21.2-1) ...
#10 459.6 Setting up libcodec2-1.0:arm64 (1.0.5-1) ...
#10 459.7 Setting up libsodium23:arm64 (1.0.18-1+deb12u1) ...
#10 459.7 Setting up libicu72:arm64 (72.1-3+deb12u1) ...
#10 459.9 Setting up libmpg123-0:arm64 (1.31.2-1+deb12u1) ...
#10 459.9 Setting up libogg0:arm64 (1.3.5-3) ...
#10 460.0 Setting up liblerc4:arm64 (4.0.0+ds-2) ...
#10 460.1 Setting up libspeex1:arm64 (1.2.1-2) ...
#10 460.2 Setting up libshine3:arm64 (3.1.1-2) ...
#10 460.2 Setting up hicolor-icon-theme (0.17-2) ...
#10 460.4 Setting up libx264-164:arm64 (2:0.164.3095+gitbaee400-3) ...
#10 460.5 Setting up libtwolame0:arm64 (0.4.0-2) ...
#10 460.6 Setting up libdatrie1:arm64 (0.2.13-2+b1) ...
#10 460.6 Setting up libgsm1:arm64 (1.0.22-1) ...
#10 460.7 Setting up libminizip1:arm64 (1.1-8+deb12u1) ...
#10 460.8 Setting up libglib2.0-0:arm64 (2.74.6-2+deb12u8) ...
#10 460.9 Setting up libglvnd0:arm64 (1.6.0-1) ...
#10 460.9 Setting up libtirpc-common (1.3.3+ds-1) ...
#10 461.0 Setting up libpgm-5.3-0:arm64 (5.3.128~dfsg-2) ...
#10 461.1 Setting up libbrotli1:arm64 (1.0.9-2+b6) ...
#10 461.2 Setting up libsqlite3-0:arm64 (3.40.1-2+deb12u2) ...
#10 461.2 Setting up libgdk-pixbuf2.0-common (2.42.10+dfsg-1+deb12u3) ...
#10 461.3 Setting up libnorm1:arm64 (1.5.9+dfsg-2) ...
#10 461.4 Setting up libmysofa1:arm64 (1.3.1~dfsg0-1) ...
#10 461.5 Setting up x11-common (1:7.7+23) ...
#10 462.1 debconf: unable to initialize frontend: Dialog
#10 462.1 debconf: (TERM is not set, so the dialog frontend is not usable.)
#10 462.1 debconf: falling back to frontend: Readline
#10 462.1 debconf: unable to initialize frontend: Readline
#10 462.1 debconf: (Can't locate Term/ReadLine.pm in @INC (you may need to install the Term::ReadLine module) (@INC contains: /etc/perl /usr/local/lib/aarch64-linux-gnu/perl/5.36.0 /usr/local/share/perl/5.36.0 /usr/lib/aarch64-linux-gnu/perl5/5.36 /usr/share/perl5 /usr/lib/aarch64-linux-gnu/perl-base /usr/lib/aarch64-linux-gnu/perl/5.36 /usr/share/perl/5.36 /usr/local/lib/site_perl) at /usr/share/perl5/Debconf/FrontEnd/Readline.pm line 7.)
#10 462.1 debconf: falling back to frontend: Teletype
#10 462.7 invoke-rc.d: could not determine current runlevel
#10 462.7 invoke-rc.d: policy-rc.d denied execution of restart.
#10 462.7 Setting up libsensors-config (1:3.6.0-7.1) ...
#10 462.9 Setting up libnghttp2-14:arm64 (1.52.0-1+deb12u2) ...
#10 462.9 Setting up libdeflate0:arm64 (1.14-1) ...
#10 463.0 Setting up xkb-data (2.35.1-1) ...
#10 463.0 Setting up libhwy1:arm64 (1.0.3-3+deb12u1) ...
#10 463.1 Setting up libsvtav1enc1:arm64 (1.4.1+dfsg-1) ...
#10 463.2 Setting up libgomp1:arm64 (12.2.0-14+deb12u1) ...
#10 463.3 Setting up libcdio19:arm64 (2.1.0-4) ...
#10 463.3 Setting up libcjson1:arm64 (1.7.15-1+deb12u4) ...
#10 463.4 Setting up libxvidcore4:arm64 (2:1.3.7-1) ...
#10 463.5 Setting up libjbig0:arm64 (2.1-6.1) ...
#10 463.6 Setting up librav1e0:arm64 (0.5.1-6) ...
#10 463.6 Setting up libcolord2:arm64 (1.4.6-2.2) ...
#10 463.7 Setting up libsnappy1v5:arm64 (1.1.9-3) ...
#10 463.7 Setting up libkrb5support0:arm64 (1.20.1-2+deb12u4) ...
#10 463.8 Setting up libsasl2-modules-db:arm64 (2.1.28+dfsg-10) ...
#10 463.9 Setting up libdconf1:arm64 (0.40.0-4) ...
#10 464.0 Setting up libasound2-data (1.2.8-1) ...
#10 464.0 Setting up libfontenc1:arm64 (1:1.1.4-1) ...
#10 464.1 Setting up libz3-4:arm64 (4.8.12-3.1) ...
#10 464.1 Setting up libblas3:arm64 (3.11.0-2) ...
#10 464.2 update-alternatives: using /usr/lib/aarch64-linux-gnu/blas/libblas.so.3 to provide /usr/lib/aarch64-linux-gnu/libblas.so.3 (libblas.so.3-aarch64-linux-gnu) in auto mode
#10 464.3 Setting up libflac12:arm64 (1.4.2+ds-2) ...
#10 464.3 Setting up libjpeg62-turbo:arm64 (1:2.1.5-2) ...
#10 464.4 Setting up libslang2:arm64 (2.3.3-3) ...
#10 464.5 Setting up libva2:arm64 (2.17.0-1) ...
#10 464.5 Setting up libmbedcrypto7:arm64 (2.28.3-1) ...
#10 464.6 Setting up libx11-data (2:1.8.4-2+deb12u2) ...
#10 464.7 Setting up libepoxy0:arm64 (1.5.10-1) ...
#10 464.8 Setting up libnspr4:arm64 (2:4.35-1) ...
#10 464.8 Setting up librtmp1:arm64 (2.4+20151223.gitfa8646d.1-2+b2) ...
#10 464.9 Setting up libavahi-common-data:arm64 (0.8-10+deb12u1) ...
#10 465.0 Setting up libdbus-1-3:arm64 (1.14.10-1~deb12u1) ...
#10 465.1 Setting up libfribidi0:arm64 (1.0.8-2.1) ...
#10 465.1 Setting up libopus0:arm64 (1.3.1-3) ...
#10 465.1 Setting up libproc2-0:arm64 (2:4.0.2-3) ...
#10 465.3 Setting up libpng16-16:arm64 (1.6.39-2+deb12u3) ...
#10 465.3 Setting up libvorbis0a:arm64 (1.3.7-1) ...
#10 465.3 Setting up libsensors5:arm64 (1:3.6.0-7.1) ...
#10 465.4 Setting up libjxl0.7:arm64 (0.7.0-10+deb12u1) ...
#10 465.6 Setting up libncursesw6:arm64 (6.4-4) ...
#10 465.7 Setting up libk5crypto3:arm64 (1.20.1-2+deb12u4) ...
#10 465.8 Setting up libdav1d6:arm64 (1.0.0-2+deb12u1) ...
#10 465.8 Setting up libglapi-mesa:arm64 (22.3.6-1+deb12u1) ...
#10 465.9 Setting up libsasl2-2:arm64 (2.1.28+dfsg-10) ...
#10 465.9 Setting up libgfortran5:arm64 (12.2.0-14+deb12u1) ...
#10 466.0 Setting up libvulkan1:arm64 (1.3.239.0-1) ...
#10 466.1 Setting up libopenh264-7:arm64 (2.3.1+dfsg-3+deb12u2) ...
#10 466.2 Setting up libwebp7:arm64 (1.2.4-0.2+deb12u1) ...
#10 466.2 Setting up librubberband2:arm64 (3.1.2+dfsg0-1) ...
#10 466.3 Setting up libnuma1:arm64 (2.0.16-1) ...
#10 466.3 Setting up libvidstab1.1:arm64 (1.1.0-2+b1) ...
#10 466.4 Setting up libsrt1.5-gnutls:arm64 (1.5.1-1+deb12u1) ...
#10 466.5 Setting up ocl-icd-libopencl1:arm64 (2.3.1-1) ...
#10 466.5 Setting up libasyncns0:arm64 (0.8-6+b3) ...
#10 466.6 Setting up libxshmfence1:arm64 (1.3-1) ...
#10 466.7 Setting up at-spi2-common (2.46.0-5) ...
#10 466.7 Setting up libtiff6:arm64 (4.5.0-6+deb12u3) ...
#10 466.8 Setting up libbs2b0:arm64 (3.1.0+dfsg-7) ...
#10 466.9 Setting up dbus-session-bus-common (1.14.10-1~deb12u1) ...
#10 466.9 Setting up procps (2:4.0.2-3) ...
#10 467.1 Setting up libasound2:arm64 (1.2.8-1+b1) ...
#10 467.1 Setting up fonts-liberation (1:1.07.4-11) ...
#10 467.2 Setting up libzimg2:arm64 (3.0.4+ds1-1) ...
#10 467.2 Setting up libopenjp2-7:arm64 (2.5.0-2+deb12u2) ...
#10 467.3 Setting up libopenal-data (1:1.19.1-2) ...
#10 467.4 Setting up libthai-data (0.1.29-1) ...
#10 467.4 Setting up libssh2-1:arm64 (1.10.0-3+b1) ...
#10 467.5 Setting up libvpx7:arm64 (1.12.0-1+deb12u5) ...
#10 467.5 Setting up libatk1.0-0:arm64 (2.46.0-5) ...
#10 467.6 Setting up libkrb5-3:arm64 (1.20.1-2+deb12u4) ...
#10 467.7 Setting up libwayland-egl1:arm64 (1.21.0-1) ...
#10 467.7 Setting up libusb-1.0-0:arm64 (2:1.0.26-1) ...
#10 467.7 Setting up dbus-system-bus-common (1.14.10-1~deb12u1) ...
#10 468.3 Setting up libsamplerate0:arm64 (0.2.2-3) ...
#10 468.3 Setting up openssl (3.0.18-1~deb12u2) ...
#10 468.5 Setting up libwebpmux3:arm64 (1.2.4-0.2+deb12u1) ...
#10 468.5 Setting up libbsd0:arm64 (0.11.7-2) ...
#10 468.6 Setting up libdrm-common (2.4.114-1) ...
#10 468.7 Setting up libelf1:arm64 (0.188-2.1) ...
#10 468.7 Setting up readline-common (8.2-1.3) ...
#10 468.8 Setting up libxml2:arm64 (2.9.14+dfsg-1.3~deb12u5) ...
#10 468.9 Setting up xdg-utils (1.1.3-4.1) ...
#10 469.0 update-alternatives: using /usr/bin/xdg-open to provide /usr/bin/open (open) in auto mode
#10 469.0 update-alternatives: warning: skip creation of /usr/share/man/man1/open.1.gz because associated file /usr/share/man/man1/xdg-open.1.gz (of link group open) doesn't exist
#10 469.0 Setting up dbus-bin (1.14.10-1~deb12u1) ...
#10 469.0 Setting up libzvbi-common (0.2.41-1) ...
#10 469.1 Setting up libmp3lame0:arm64 (3.100-6) ...
#10 469.2 Setting up libvorbisenc2:arm64 (1.3.7-1) ...
#10 469.2 Setting up libiec61883-0:arm64 (1.2.0-6+b1) ...
#10 469.2 Setting up libserd-0-0:arm64 (0.30.16-1) ...
#10 469.3 Setting up libxkbcommon0:arm64 (1.5.0-1) ...
#10 469.5 Setting up libwayland-client0:arm64 (1.21.0-1) ...
#10 469.5 Setting up libavc1394-0:arm64 (0.5.4-5) ...
#10 469.5 Setting up libzvbi0:arm64 (0.2.41-1) ...
#10 469.6 Setting up libice6:arm64 (2:1.0.10-1) ...
#10 469.7 Setting up libxdmcp6:arm64 (1:1.1.2-3) ...
#10 469.7 Setting up liblapack3:arm64 (3.11.0-2) ...
#10 469.7 update-alternatives: using /usr/lib/aarch64-linux-gnu/lapack/liblapack.so.3 to provide /usr/lib/aarch64-linux-gnu/liblapack.so.3 (liblapack.so.3-aarch64-linux-gnu) in auto mode
#10 469.8 Setting up libxcb1:arm64 (1.15-1) ...
#10 470.0 Setting up libxcb-xfixes0:arm64 (1.15-1) ...
#10 470.1 Setting up libplacebo208:arm64 (4.208.0-3) ...
#10 470.1 Setting up libcaca0:arm64 (0.99.beta20-3) ...
#10 470.1 Setting up libxcb-render0:arm64 (1.15-1) ...
#10 470.2 Setting up libsoxr0:arm64 (0.1.3-4) ...
#10 470.2 Setting up libcdio-cdda2:arm64 (10.2+2.0.1-1) ...
#10 470.3 Setting up fontconfig-config (2.14.1-4) ...
#10 470.6 debconf: unable to initialize frontend: Dialog
#10 470.6 debconf: (TERM is not set, so the dialog frontend is not usable.)
#10 470.6 debconf: falling back to frontend: Readline
#10 470.6 debconf: unable to initialize frontend: Readline
#10 470.6 debconf: (Can't locate Term/ReadLine.pm in @INC (you may need to install the Term::ReadLine module) (@INC contains: /etc/perl /usr/local/lib/aarch64-linux-gnu/perl/5.36.0 /usr/local/share/perl/5.36.0 /usr/lib/aarch64-linux-gnu/perl5/5.36 /usr/share/perl5 /usr/lib/aarch64-linux-gnu/perl-base /usr/lib/aarch64-linux-gnu/perl/5.36 /usr/share/perl/5.36 /usr/local/lib/site_perl) at /usr/share/perl5/Debconf/FrontEnd/Readline.pm line 7.)
#10 470.6 debconf: falling back to frontend: Teletype
#10 471.1 Setting up libcdio-paranoia2:arm64 (10.2+2.0.1-1) ...
#10 471.1 Setting up libxcb-glx0:arm64 (1.15-1) ...
#10 471.2 Setting up libedit2:arm64 (3.1-20221030-2) ...
#10 471.3 Setting up libreadline8:arm64 (8.2-1.3) ...
#10 471.3 Setting up libxcb-shape0:arm64 (1.15-1) ...
#10 471.4 Setting up libavahi-common3:arm64 (0.8-10+deb12u1) ...
#10 471.5 Setting up libnss3:arm64 (2:3.87.1-1+deb12u2) ...
#10 471.5 Setting up libxcb-shm0:arm64 (1.15-1) ...
#10 471.6 Setting up dbus-daemon (1.14.10-1~deb12u1) ...
#10 471.8 Setting up libldap-2.5-0:arm64 (2.5.13+dfsg-5) ...
#10 471.9 Setting up librist4:arm64 (0.2.7+dfsg-1) ...
#10 472.0 Setting up libxcb-present0:arm64 (1.15-1) ...
#10 472.0 Setting up libthai0:arm64 (0.1.29-1) ...
#10 472.1 Setting up ca-certificates (20230311+deb12u1) ...
#10 472.4 debconf: unable to initialize frontend: Dialog
#10 472.4 debconf: (TERM is not set, so the dialog frontend is not usable.)
#10 472.4 debconf: falling back to frontend: Readline
#10 472.4 debconf: unable to initialize frontend: Readline
#10 472.4 debconf: (Can't locate Term/ReadLine.pm in @INC (you may need to install the Term::ReadLine module) (@INC contains: /etc/perl /usr/local/lib/aarch64-linux-gnu/perl/5.36.0 /usr/local/share/perl/5.36.0 /usr/lib/aarch64-linux-gnu/perl5/5.36 /usr/share/perl5 /usr/lib/aarch64-linux-gnu/perl-base /usr/lib/aarch64-linux-gnu/perl/5.36 /usr/share/perl/5.36 /usr/local/lib/site_perl) at /usr/share/perl5/Debconf/FrontEnd/Readline.pm line 7.)
#10 472.4 debconf: falling back to frontend: Teletype
#10 473.6 Updating certificates in /etc/ssl/certs...
#10 475.4 142 added, 0 removed; done.
#10 475.7 Setting up libvorbisfile3:arm64 (1.3.7-1) ...
#10 475.8 Setting up libfreetype6:arm64 (2.12.1+dfsg-5+deb12u4) ...
#10 475.8 Setting up libxcb-sync1:arm64 (1.15-1) ...
#10 476.0 Setting up dbus (1.14.10-1~deb12u1) ...
#10 476.2 invoke-rc.d: could not determine current runlevel
#10 476.2 invoke-rc.d: policy-rc.d denied execution of start.
#10 476.2 Setting up shared-mime-info (2.2-1) ...
#10 521.9 Setting up libdc1394-25:arm64 (2.2.6-4) ...
#10 522.0 Setting up libgssapi-krb5-2:arm64 (1.20.1-2+deb12u4) ...
#10 522.0 Setting up libx265-199:arm64 (3.5-2+b1) ...
#10 522.0 Setting up libsndio7.0:arm64 (1.9.0-0.3+b2) ...
#10 522.1 Setting up libxcb-dri2-0:arm64 (1.15-1) ...
#10 522.1 Setting up libjack-jackd2-0:arm64 (1.9.21~dfsg-3) ...
#10 522.2 Setting up libdrm2:arm64 (2.4.114-1+b1) ...
#10 522.3 Setting up libflite1:arm64 (2.2-5) ...
#10 522.3 Setting up libva-drm2:arm64 (2.17.0-1) ...
#10 522.3 Setting up libsord-0-0:arm64 (0.16.14+git221008-1) ...
#10 522.4 Setting up libwayland-cursor0:arm64 (1.21.0-1) ...
#10 522.5 Setting up libxcb-randr0:arm64 (1.15-1) ...
#10 522.5 Setting up libsratom-0-0:arm64 (0.6.14-1) ...
#10 522.6 Setting up libllvm15:arm64 (1:15.0.6-4+b1) ...
#10 522.6 Setting up libpam-systemd:arm64 (252.39-1~deb12u1) ...
#10 523.4 debconf: unable to initialize frontend: Dialog
#10 523.4 debconf: (TERM is not set, so the dialog frontend is not usable.)
#10 523.4 debconf: falling back to frontend: Readline
#10 523.4 debconf: unable to initialize frontend: Readline
#10 523.4 debconf: (Can't locate Term/ReadLine.pm in @INC (you may need to install the Term::ReadLine module) (@INC contains: /etc/perl /usr/local/lib/aarch64-linux-gnu/perl/5.36.0 /usr/local/share/perl/5.36.0 /usr/lib/aarch64-linux-gnu/perl5/5.36 /usr/share/perl5 /usr/lib/aarch64-linux-gnu/perl-base /usr/lib/aarch64-linux-gnu/perl/5.36 /usr/share/perl/5.36 /usr/local/lib/site_perl) at /usr/share/perl5/Debconf/FrontEnd/Readline.pm line 7.)
#10 523.4 debconf: falling back to frontend: Teletype
#10 523.6 Setting up libdecor-0-0:arm64 (0.1.1-2) ...
#10 523.7 Setting up libcurl4:arm64 (7.88.1-10+deb12u14) ...
#10 523.7 Setting up libx11-6:arm64 (2:1.8.4-2+deb12u2) ...
#10 523.8 Setting up libharfbuzz0b:arm64 (6.0.0+dfsg-3) ...
#10 523.8 Setting up libgdk-pixbuf-2.0-0:arm64 (2.42.10+dfsg-1+deb12u3) ...
#10 523.9 Setting up curl (7.88.1-10+deb12u14) ...
#10 524.0 Setting up libfontconfig1:arm64 (2.14.1-4) ...
#10 524.1 Setting up libsndfile1:arm64 (1.2.0-1+deb12u1) ...
#10 524.1 Setting up libxkbfile1:arm64 (1:1.1.0-1) ...
#10 524.2 Setting up libbluray2:arm64 (1:1.3.4-1) ...
#10 524.3 Setting up libxcomposite1:arm64 (1:0.4.5-1) ...
#10 524.3 Setting up libsm6:arm64 (2:1.2.3-1) ...
#10 524.3 Setting up liblilv-0-0:arm64 (0.24.14-1) ...
#10 524.4 Setting up libopenmpt0:arm64 (0.6.9-1) ...
#10 524.5 Setting up libavahi-client3:arm64 (0.8-10+deb12u1) ...
#10 524.5 Setting up libxmuu1:arm64 (2:1.1.3-3) ...
#10 524.6 Setting up libdrm-amdgpu1:arm64 (2.4.114-1+b1) ...
#10 524.6 Setting up libssh-gcrypt-4:arm64 (0.10.6-0+deb12u2) ...
#10 524.7 Setting up libtirpc3:arm64 (1.3.3+ds-1) ...
#10 524.7 Setting up libxcb-dri3-0:arm64 (1.15-1) ...
#10 524.8 Setting up gtk-update-icon-cache (3.24.38-2~deb12u3) ...
#10 524.8 Setting up libx11-xcb1:arm64 (2:1.8.4-2+deb12u2) ...
#10 524.9 Setting up fontconfig (2.14.1-4) ...
#10 524.9 Regenerating fonts cache... 